,seq,label
10095,SGVSSSTSGGVSSTSNMHGSLLQEKHRILHKLLQNGNSPAEVAKITAEA,0
7846,LDNEIKALDSRKKQMEKDNSELEEKMEKVFQGTDEQLNDLYHNHQRTVR,0
7762,SDPQGVPYPEAKIGRFVVQNVSAQKDGEKSRVKVKVRVNTHGIFTISTA,0
510,RVVKMHLKFDLKGSTYKRRASKKEKEKSFPTYKDLDFMQDMPEGLLLDA,0
5026,IRLRNPPVNAISTTLLRDIKEGLQKAVIDHTIKAIVICGAEGKFSAGAD,0
3325,LLNSGYEFDEGSIIFNKFRSVISYKTEEKPIFSLNTVASADSMSIYDDI,0
2119,EKPLGIFSILEEECMFPKATDTSFKNKLYDQHLGKSANFQKPKVVKGKA,0
7089,SSLASSGLKKDSRLKTLEIALEQKKEECLKMESQLKKAHEAALEARASP,0
7182,EASVDVSAPKVEADGSLSSMQGDLKATDLSIQPPSADLEVQAGQVDVKL,0
4905,KLQIGRKGVQIVRRRGRPPSTERIKTPSGLLINSELEKPQKVRKDKEGT,0
315,KRLELEKKEQKEKEKKEQEIKKKFKLTGPIQVIHLAKACCDVKGGKNEL,0
10005,QIAVANAQELLQRMTDKCFRKCIGKPGGSLDNSEQKCIAMCMDRYMDAW,0
932,DRESREAVLIDPVLETAPRDAQLIKELGLRLLYAVNTHCHADHITGSGL,0
9798,EAEIFTTLSCEPDIPNPPRIANRTKNSLTLQWKAPSDNGSKIQNFVLEW,0
2816,VAVTNHEAPSPAHGISLFLVENGMKGFIKGRKLHKMGLKAQDTAELFFE,0
2245,DPDEKRRKFLERNRAAASRCRQKRKVWVQSLEKKAEDLSSLNGQLQSEV,0
3595,CSSLPHYQKLKKFLNKLAEERRQKKETTTTTTTTTTTTTTTTTTTTTTT,0
7508,EHVNRDLSVKRESLSHHENIVKARKKEHGMLTRQLQQTEKELKSVETLL,0
5398,PKVDIDAPDVDVHGPDWHLKMPKVKMPKFSMPGFKGEGPDVDVTLPKAD,0
5286,PQVDIDVPDVGVQGPDWHLKMPKVKMPKFSMPGFKGEGPDVDVNLPKAD,0
5580,LLQKVRAEIASKEKEEEELMEKPQKETKKDEDPENKIEFKTRLGRNVYR,0
5831,REREGEKEKASWRAEKDRESLRRTKNETDEDGWTTVRRRRRRRRRRRRR,0
1330,HINKTIAPALVSKKLNVTEQEKIDKLMIEMDGTENKSKFGANAILGVSL,0
8011,ESRSFLLAKKSGENVAKFIINSYPKYFQKDIAEPHIPCLMPEYFEPQIK,0
2664,DAEEAVELVQYAYFKKVLEKEKKRKKRSEDESETEDEEEKSQEDQEQKR,0
107,PTLKGTPSSSAPLALVALAPHSVQKSSAFPPNLLTSPPSVAVAESGSVI,0
7416,YDRAGAVPRTPLAGPNIDYPVLYGKYLNGLGRLPAKTLKPEVRLVKLPF,0
5376,PKFKMPDLHLKAPKISMPEVDLNLKGPKMKGDVDVSLPKVEGDLKGPEV,0
303,MMMMMMMMMMMMMMMMMMMMMMMAKYNTGGNPTEDVSVNSRPFRVTGPN,0
5862,LQEMTKKQGTSSNNKNVLSVGTAVKDLKQEQTKSASSLITTEMLQDIQR,0
8614,PPDWFSQKHCASQYSELLETTETPKRKRGEKGEVVETVEDVIVRKLTAE,0
1569,IAAYRAKGKPDAAKKGVVKAEKSKKKKEEEEDEEDEEDEEEEEDEEDED,0
2701,EKEKIEREKEELMERLKQIEEQTKKAQQELEEQTRRALELEQERKRAQS,0
3011,GGPGNPALAEPLIQNVRKILESDRKEPLFGISTGNLITGLAAGAKTYKM,0
2862,VATGSLGQGLGAACGMAYTGKYFDKASYRVYCLLGDGELSEGSVWEAMA,0
3151,WNSPAEEGSSDCEVFSKNHAAPFSKVLTFYRKEPFTLEAYYSSPQDLPY,0
33,LEKHGLEKPISFVKNTQSSSEEARKLMVRLTRHTGRKQPPVSESHWRTL,0
6820,SKSSMAPSQPEESDVFLRAPFTKKKSMEELTVIQCTSQELPAQTGLLSQ,0
8344,NKRSTITSREIQTAVRLLLPGELAKHAVSEGTKAVTKYTSSKKKKKKKK,1
8638,RNVHSEDFENRILLNCPYCTFNADKKTLETHIKIFHAPNASAPSSSLST,0
9076,KSVLADQGKSFATASHRNTEEEGLKYKSKVSLKGNRESDGFREEKNYKL,0
2464,PRTPCEEILVKHVGSRLYSVSYLLKDKGEYTLVVKWGDEHIPGSPYRVV,0
3184,SFTNGETSPTVSMAELEHLAQNISKSHLETCQYLREELQQITWQTFLQE,0
311,REKKREKEEKKRLELEKKEQKEKEKKEQEIKKKFKLTGPIQVIHLAKAC,0
9841,LAAAEKAGMSAEQAQGLLEKIATPKVKNQLKETTEAACRYGAFGLPITV,0
9478,PKERTSTSSSSVQARRLSQPESAEKHVTQRLQPERGSPKKCEAEEAEPP,0
2771,DKPEAVAARLRQYKDVAKPVIELYKSRGVLHQFSGTETNKIWPYVYTLF,0
2498,DKPHMQTYEVDLNKCGPMVLDALIKIKNEVDSTLTFRRSCREGICGSCA,0
2067,FDINQQNSKIEDEQVLALQLQKKLKENQARIEELEEELEAERTARAKVE,0
3668,DSDETSMSLSSDDYTKKKKKGKKGKKDSSSSGSGSDNDVEVIKVWNSRS,0
655,RPTFRQMQLENVSVALEFLDRESIKLVSIDSKAIVDGNLKLILGLVWTL,0
2903,HPRDFTPVCTTELGRAAKLAPEFAKRNVKLIALSIDSVEDHLAWSKDIN,0
542,AKAAELEKKLDSELTARHELQVEMKKMESDFEQKLQDLQGEKDALHSEK,0
5563,EDYGLFMREGIVTATEQEVKEDIAKLLRYESSALPSGQLTSLSEYASRM,0
673,DLKPQNILLSNPAGRRANPNSIRVKIADFGFARYLQSNMMAATLCGSPM,0
3126,GLTRRGDINLLMLGDPGTAKSQLLKFVEKCSPIGVYTSGKGSSAAGLTA,0
1877,REKSKHSNSEHKDSEKKHKEKEKTKHKDGSSEKHKDKHKDRDKEKRKEE,0
9246,FVKLGLINREALPAFRPEANPLTWKQLLCDLVGISPSSEHDVLKEAVLK,0
8355,TKAQKKDGKKRKRSRKESYSVYVYKVLKQVHPDTGISSKAMGIMNSFVN,1
8090,IPLANGLDSHSITSSRRTKANEGKKETWDTAEEDSGTDSEYDESGKSRG,0
6821,MMMMMMMGTKGLPLYPDPSRVPGTKTQNNLESDYLARDGPSSNSSFHSS,0
7644,PEAKMRMKNIGRDTPTSAGPNSFNKGKHGFSDNQKLWERNIKSHLGNVH,0
500,AFKHKHHLIEHSRLHSGEKPYQCDKCGKRFSHSGSYSQHMNHRYSYCKR,0
9866,KLRDDFEKKMADFHKEEMDDQDKDKAKGRKESEFDDEPKFMSKVIGANK,0
1626,SFVSSRARREKKSKKGRQEALERLKKAKAGEKYKYEVEDFTGVYEEVDE,0
3742,KNLCMVPKKRKLYTEPLENPFKKMKNNIVDAANNHSAPEVLYGSLLNQE,0
5833,LESLNIQREKEELEQREAELQKVRKAEEERLRQEAKEREKERILQEHEQ,0
4914,ESVTLPSNRTSAGTSSSGVSNRKRKRKVFSPIRSEPRSPSHSMRTRSGR,0
5317,KMKMPKFSVSGLKAEGPDVAVDLPKGDINIEGPSMNIEGPDLNVEGPEG,0
1199,LELKDAQAGKEPGGSRAHSSHLKSKKGQSTSRHKKLMFKTEGPDSDDDD,0
623,LNVTNLEFSDTRMSSFVEPPDIVKKLSWVENYWPDDALLAKPKVTKYCL,0
2465,GTHKVTVLFAGQHIAKSPFEVYVDKSQGDASKVTAQGPGLEPSGNIANK,0
568,MMMMMMMMMPEPAKSAPAPKKGSKKAVTKAQKKDGKKRKRSRKESYSVY,1
518,CEACPMHSLHKLCERIEGLYPPRAKLVIQRHLSSLTDNEQADIFERVQK,0
3529,FRPSAFTDTQYLQDTMNHVLSCVKKEKERTAAFQALGLLSVAVRSEFKV,0
9168,AQEQQQQMAELHSKLQSSEAEVRSKCEELSGLHGQLQEARAENSQLTER,0
2777,LSVAYKNVVGGRRSAWRVISSIEQKTDTSDKKLQLIKDYREKVESELRS,0
8487,SLDSSCLDSSRDTDNGTPFNSPASKSDSPSVGETERNSAEPAAVIVEKP,0
8252,AQPDLLSYEDLELAVGHLYRLSFLKEDSQSCRVAALEASGTLAALYPVA,0
4087,GRAYALAFAERGALVVVNDLGGDFKGVGKGSLAADKVVEEIRRRGGKAV,0
6768,IGNACWELYCLEHGIQPDGQMPSDKTIGGGDDSFNTFFSETGAGKHVPR,0
5369,KGPKVDIDAPDVDVHGPDWHLKMPKVKMPKFSMPGFKGEGPEVDVNLPK,0
3095,LCSWAQKRGFEGSFEELCRNKDVKKAILEDMVRLGKDSGLKPFEQVKGI,0
1458,SAVARVELKGTVRPANDFNPDADAKALRKAMKGLGTDEDTIIDIITHRS,0
7780,LPENSETGGNESQPDSQEDPREVLKKTLEFCLSRENLASDMYLISQMDS,0
6733,PPPPAPTAPQPPGDPLMSRLFYGVKAGPGVGAPRRSGHTFTVNPRRSVP,0
9977,KEKELEKEQEKQREMEKERKQEKEKELERQKEKEKELQKMKEQEKECEL,0
3194,RRLKKYDNCWLALTDPRDVARIESKTVIVTQEQRDTVPIPKTGLSQLGR,0
9880,DSSHSRERSAEKTEKTHKGSKKQKKHRRARDRSRSSSSSSQSSHSYKAE,0
9661,ISDALRRLEEEEKVVEEEKQEHVEKVKELLGWVSTLARNTQGKATSSET,0
96,NRDFESHITSYKQNPEQSADEDAEKNEEDSEGSSDEDEDEDGVSAATFL,0
563,REIQTAVRLLLPGELAKHAVSEGTKAVTKYTSAKKKKKKKKKKKKKKKK,1
8001,ELDDMTLWQIVINILSEPPKRKKRKDINTIEDAVKLLQECKKIIVLTGA,0
8163,LGEMTCALNNLLHSLQLPEACSEIKHEAFKNHVFNVDNAKFVVIFDLSA,0
450,FYGKAIELNPANAVYFCNRAAAYSKLGNYAGAVQDCERAICIDPAYSKA,0
1965,NEKIQNEQLEKLQEQVTDLRSQNTKISTQLDFASKRYEMLQDNVEGYRR,0
9165,AQGKKAERSPNQGKKGEGAPIQGKKADSVANQGTKVEGITNQGKKAEGS,0
8725,HGKSLTVIPYKCEVSSLAGALGKLKHSQDPGTHVVSHFVNWETPQGCGL,0
2344,VTMSVEYQMKSVLKSVESTSPEPSKIMLVEPPVAKVLEPSETLVVSSET,0
2030,MDADLSQLQTEVEEAVQECRNAEEKAKKAITDAAMMAEELKKEQDTSAH,0
532,QEQPHSKGPSVPFSIFDEFLLSEKKNKSPPADPPRVLAQRRPLAVLKTS,0
5537,STNSFALNKHQHREDHDKRRHLAHKFCLTPAGEFKWNGSVHGSKVLTIS,0
8036,VSTLQEMAPGTTFNPVIGDSSVDPKKVKTLVFCSGKHFYSLVKQRESLG,0
6145,ISVEKAKNEPVGKKTSDKRDSDGKKEKSSNSDRSTNLKRDDKCDRKDDA,0
2020,QLTRGKLTYTQQLEDLKRQLEEEVKAKNALAHALQSARHDCDLLREQYE,0
1188,FIDLNYMVYMFQYDSTHGKFHGTVKAENGKLVINGNPITIFQERDPSKI,0
1650,AKLDKAQIHDLVLVGGSTRIPKVQKLLQDFFNGRDLNKSINPDEAVAYG,0
3251,EVMISDLEERLKKEEKTRQELEKAKRKLDGETTDLQDQIAELQAQIDEL,0
259,TRMRHVISYSLSPFEQRAYPHVFTKGIPNVLRRIRESFFRVVPQFVVFY,0
7578,TAPDAAADPKEKPKQASKFDKLPIKIVKKNNLFVVDRSDKLGRVQEFNS,0
31,LHDMVDQLEQILSVSELLEKHGLEKPISFVKNTQSSSEEARKLMVRLTR,0
35,MLPAEGVKELCLLLLNQSLLLPSLKLLLESRDEHLHEMALEQITAVTTV,0
8748,LQALYEKGLQNGVPGLRLIQQEDIKKKEPYCRGLMAIDCPHTGIVDYRQ,0
6959,ASSAESQDSKKKKKKKEKKKHKKHKKHKKHKKHAGTEVELEKSQKHKHK,0
582,SSTQSKEKKKKKSALDEIMEIEEEKKRTARTDYWLQPEIIVKIITKKLG,0
3857,KTEGTNLKRENQRLMEICESLEKTKQKISHELQVKESQVNFQEGQLNSG,0
1783,RTWNDPSVQQDIKFLPFKVVEKKTKPYIQVDIGGGQTKTFAPEEISAMV,0
4404,MMMMMMMMMMMMMMMMMMAFKDTGKTPVEPEVAIHRIRITLTSRNVKSL,0
6479,TQQLQTTSPKVMQPLVQQPILPVVKQSVKERLGPVPSSTIEPAEAQSAS,0
5547,FIVFRKGFVNIRAVPEEMELAKEEKCEFLPFLSPRKVIVKGGRIVAMQF,0
6848,DTTGQLFVQTRKGQEVLIKVKHFMKQHILPAEKEVTEFYVQNENSVDKW,0
7439,EGIKEEEERWRRKVICKEEPVSEVKETSTTVEEATTIVKPQEIMLDNIE,0
952,EKLVECLLRSDKENWPKTLKLALEKERNKFSELWIVEKGIKDVETEDLE,0
8028,LTPLGREQAELTGLRLASLGLKFNKIVHSSMTRAIETTDIISRHLPGVC,0
3918,LISREISKFRDTHKKLEEEKGKKEKERQEIEKERRERERERERERERRE,0
10039,KRQNLDEILQQHKLKMEKERNARRKKKKAPAAASEEAAFPPVVEDEEME,0
6224,DGKPYSPSEYSLQQTRDGNVFLVPKSKKPDVKKNNNNNNNNNNNNNNNN,0
2286,VEKNNSRIKLGLKSLVSKGTLVQTKGTGASGSFKLNKKAASGEAKPKVK,0
3328,MATLKDITRRLKSIKNIQKITKSMKMVAAAKYARAERELKPARIYGLGS,0
5632,FVCFSSPEEATKAVTEMNGRIVGSKPLYVALAQRKEERKAHLTNQYMQR,0
7647,NGGESSSRSAEKRSAEEEAADLPTKPTKISKFGFAIGSQTTKKASAISI,0
8690,HQPIFNLLSIGQSLYAKAKELDRVKEIQEQLFHIKKLLKTCRFANSALK,0
3015,PEVTPGPIDTEYLFDSFFSLIKKGKATTITSVLPKPALVASRVEVSKVL,1
1825,KLEDECSELKKDIDDLELTLAKVEKEKHATENKVKNLTEELSGLDETIA,0
80,AAKLKEKYEKDIAAYQAKGKPEAAKKGVVKAEKSKKKKEEEEDEEDEED,0
1576,FVQTCREEHKKKHPDASVNFSEFSKKCSERWKTMSAKEKGKFEDMAKAD,0
5601,EPEEFVVEKVLDRRVVNGKVEYFLKWKGFTDADNTWEPEENLDCPELIE,0
4180,QVLITEHGDLGNSRFLDPRNKISFKFDHLRKEASDPQPEEADGGLKSWR,0
5970,EFVEEEEEVALRSDSEGSDYTPGKKKKKKLGPKKEKKSKSKRKEEEEEE,0
3524,GELEIQATWYEKLHEWEDALVAYDKKMDTNKDDPELMLGRMRCLEALGE,0
1562,LFCSEYRPKIKGEHPGLSIGDVAKKLGEMWNNTAADDKQPYEKKAAKLK,0
761,NYTIADLSHEAILLACESTDELASKLHCLHFSSWDSSKEWIIDLPQNED,0
9657,LLCLMEMTFTRPANHRQLTFEEIAKSAKITVNEVELLVMKALSVGLVKG,0
5027,MKLLEVIPSQYSSPTTIATVMNLSKKIKKIGVVVGNCFGFVGNRMLNPY,0
8535,TADADVSDVQSMDSSLSRRGTGMSKKDTVCQICESSGDSLIPCEGECCK,0
6440,EKEENKSSEETKKDEKDQSKEKEKKVKKTIPSWATLSASQLARAQKQTP,0
3021,MGGQTALNCGVELFKRGVLKEYGVKVLGTSVESIMATEDRQLFSDKLNE,1
8102,NKLLGKVTIAQGGVLPNIQAVLLPKKTESHHKAKKKKKKKKKKKKKKKK,1
6392,KHNLLLHLKKLEKEGKIFSNTDPDKKWKAHLLLLLLLLLLLLLLLLLLL,0
3050,ALDYLHSEKNVVYRDLKLENLMLDKDGHIKITDFGLCKEGIKDGATMKT,0
6792,AAAKRKLSGLEQPQGALQTRRRKKKRPGSTSPPPPPPPPPPPPPPPPPP,0
9860,YGTGSASRASAVSELSPRERSPALKSPLQSVVVRRRSPRPSPVPKPSPP,0
3047,GEKFKQISQAYEVLSDAKKRELYDKGGEQAIKEGGAGGGFGSPMDIFDM,0
5224,PHVDVSGPDIDIEGPEGKLKGPKFKMPDMHFKAPNISMPDVDLNLKGPK,0
7746,IENLPCELQRNFQLMRELDQRTEDKKAEIDILAAEYISTVKTLSPDQRV,0
1413,KKAPKEDVDAAVKQLLSLKAEYKEKTGQEYKPGNPPAEIGQNISSNSSA,0
718,SMNQVKLLKKDPGNEVKLKLYALYKQATEGPCNMPKPGVFDLINKAKWD,0
6853,MMMMMMMMMMMMMMMMARTKQTARKSTGGKAPRKQLATKAARKSAPATG,0
169,LDHMTPEQIAWLKLQQEFYEEKRRKQEQVVVQQCSLQDMMVHQHGPRGV,0
9741,LRETEGGTVLTATTSELEAINKRVKDTMARSEDLDNSIDKTEAGIKELQ,0
7168,LLEGPVPEEVGLKGHLPKLQMPSFKVPKVDLKGPEIDIKGPKLDLKDPK,0
5554,TYAITPMKRPMEEDGEEKSPSKKKKKIQKKEEKAEPPQAMNALMRLNQL,0
1208,NKLLGRVTIAQGGVLPNIQAVLLPKKTESHHKAKGKKKKKKKKKKKKKK,1
5272,NVQGPDWHLKMPKMKMPKFSMPGFKAEGPEVDVNLPKADVDVSGPKVDV,0
5356,KGPKVDINAPDVDVRGPDWHLKMPKIKMPKISMPGFKGEGPEVDVNLPK,0
3473,AVFGLGFPPCLGGPFRFVDLYGAQKIVDRLKKYEAAYGKQFTPCQLLAD,0
4049,FIQLPSRKELPEYYELIRKPVDFKKIKERIRNHKYRSLNDLEKDVMLLC,0
5389,LDVSGPKVDIDVPDVNIEGPDAKLKGPKFKMPEMNIKAPKISMPDFDLH,0
7217,QLEVQAGQVDVKLPEGHVLEGAGLKGHLPKLQMPSFKMPKVDRKGPQID,0
1780,IIEQSWGSPKVTKDGVTVAKSIDLKDKYKNIGAKLVQDVANNTNEEAGD,0
8965,DTELEIQQKCGFSELYSWQRERKVKTEFCLHDGPPYANGDPHVGHALNK,0
7016,PVPQHPPHRTASVFGTHQAFAPYNKPSLSGARSAPRLNTTNAWGAAPPS,0
10041,NLDEILQQHKLKMEKERNARRKKKKAPAAASEEAAFPPVVEDEEMEASG,0
2807,SQEEEDRKPKAEEDEILNRSPRNRKPRREEEEEEEEEEEEEEEEEEEEE,0
9668,FLDQHGHNLTPEEQQMLQQKLGELKEQYSTSLAQSEAELKQVQTLQDEL,0
6915,VMLMDNSAPQSEGGTLKAVKSSKGKKKRESIEGKDGRRRKSASDSGCDP,0
4705,QFISRVRGRGTFCSFDTPDDSIRNKLILIARNKGVVLGGCGDKSIRFRP,0
4441,KSFVKVYNYNHLMPTRYSVDIPLDKTVVNKDVFRDPALKRKARREAKVK,0
8021,CDTIFTFVEKNVATWKSNTFYSAGKNYLLRMCNDLLRRLSKSQNTVFCG,0
3058,KKVKKGSLLIDSSTIDPAVSKELAKEVEKMGAVFMDAPVSGGVGAARSG,0
9972,QEQEREKEREKDRERQQEKEKELEKEQEKQREMEKERKQEKEKELERQK,0
9542,DLQLQVQSETENLMDAEERCEGLIKSKILLEAKVKELTERLEEEEEMNS,0
960,EITGGPINETLKLLLSSSEWVQSEKLVRALQTPLMRLCAWYLYGEKHRG,0
8367,REIQTAVRLLLPGELAKHAVSEGTKAVTKYTSSKKKKKKKKKKKKKKKK,1
7829,LPKLYLCEFCLKYMKSRTILQQHMKKCGWFHPPANEIYRKNNISVFEVD,0
9137,DEEDEDFEEESDDDDTAALLAELEKIKKERAEEQARKEQEQKAEEERIR,0
4816,GTKISARAMEWITAKLKEARGRGKKFTTDDSICVLGISKRNVIFQPVAE,0
8846,VDMNITYMSPAKLGEDIVITAHVLKQGKTLAFTSVDLTNKATGKLIAQG,0
8604,SGYVNLQRVQMIMLAVGEVEDSIFKKRKDDEDSFRRRQKEKRKRMKRDQ,0
9283,YLIQLLEDDAQRNFSVWMRWGRVGKMGQHSLVACSGNLNKAKEIFQKKF,0
39,VLCDNLVTLETLVYEARCDVTLTLKELQQMKDIEKLRLLMNSCSEDKYV,0
6060,NQYYKIRSQAIHQLKVNGEDPYPHKFHVDISLTDFIQKYSHLQPGDHLT,0
7388,PQLGEKVLVKAAYNPGQAVPWNAVKVQTLSNQPLLKSPAPPLLHVAALG,0
2507,FGPGTRIPKAAVQVLDDIEKCLEKKQQSVVVVVVVVVVVVVVVVVVVVV,0
10097,EGVDNKMSQCTSSTIPSSSQEKDPKIKTETSEEGSGDLDNLDAILGDLT,0
3781,DRSQVEPADYKADEDPALFQSVKTKRGPLGPNWKKELANSPDCPQMCAY,0
5292,NIEGPEGKLKGPKFKMPEMNIKAPKISMPDIDLNLKGPKVKGDMDVSLP,0
5515,DLSSIVEEENTDRSCRKKNKGVERKGEEVEPAPIVDSGTVSDQDSCLQS,0
304,KLTVGGPWGQSQEKEKGDKNSATPKQKPLPPLFTLGPPPPKPNRPPNVD,0
3383,MREANFTVSSMHGDMPQKERESIMKEFRSGASRVLISTDVWARGLDVPQ,0
4469,TPEEEEILNKKRSKKIQKKYDERKKNAKISSLLEEQFQQGKLLACIASR,0
2691,KDKAFELELSWVGELTNGRHEIVPKDIREEAEKYAKESLKEEDESDDDN,0
7335,NSLLLSKETKSAKEIPEDVDMEEEKESEDSDEENDFTEKVQDTSNTGLG,0
6341,EEASSSSIRERPPEEVAARLAQQEKQEQVKIESLAKSLEDALRQTASVT,0
3026,SDKLNEINEKIAPSFAVESIEDALKAADTIGYPVMIRSAYALGGLGSGI,0
2122,TEKEMATMKEEFQKTKDELAKSEAKRKELEEKMVTLLKEKNDLQLQVQS,0
6051,PGVLRWQQRLWTLTTRFIEARASGKSPQPQLLSNKEKAEARKLWEYKNS,0
7366,ATASSSASGGSKIPNTSLFVPLTVKPQGPSADGDVGAELTRPLDKNEVK,0
9323,AAVLRRLCKRSDVLLEPFRRGVMEKLQLGPEILQRENPRLIYARLSGFG,0
8333,RNLDKKDFLGKSDPFLEFFRQGDGKWHLVYRSEVIKNNLNPTWKRFSVP,0
5681,EHELLEQQKRAAVLLEQERQQEIAKMGTPVPRPPQDMGQIGVRTPLGPR,0
6311,GPALLGVFCHTDLRKNLTVDEGTMKVEVLPALTDNYMYLVIDDETKEAA,0
7913,MMMMMMMMMPDPAKSAPAPKKGSKKAVTKAQKKDGKKRKRSRKESYSVY,1
6735,RFKFIDIGINLTDPMFRGIYRGVQKHQDDLQDVIGRAVEIGVKKFMITG,0
9318,PRRTEITIVKPQESAHRRMEPPASKVPEVPTAPATDAAPKRVEIQMPKP,0
1737,STATAFYRLTRKVFANPEDCVAFGKGENAKKYLRTDDRVERVRRAHLND,0
251,SSASFHPQQFQYTLDNNVLTLEQRKFYEENGFLVIKNLVPDADIQRFRN,0
295,LERERERDKKDKEKLESRSKDKKEKDECTPTRKERKRRHSTSPSPSRSS,0
3883,VERATEDGEEDEEMIESIENLEDLKGHSVREWVSMAGPRLEIHHRFKNF,0
10025,ELIQNMDRVDREITMVEQQISKLKKKQQQLEEEAAKPPEPEKPVSPPPI,0
6728,TKQTARKSTGGKAPRKQLATKAARKSTPSTCGVKPHRYRPGTVALREIR,1
6000,SSSSSSSDDSEEEKAAATPKKTVPKKQVVAKAPVKAATTPTRKSSSSED,0
4224,INEDAQESDSLKTHLEDERDNSEKKKNLEEAELHSTEKVPCIEFDDDDY,0
321,LHYHIKCSKAYIHTRMRAKTSDFLKVLNRARPDAEKKEMKTITGKTFSS,0
3555,QSQQRWKAANDAGYFNDEMAPIEVKTKKGKQTMQVDEHARPQTTLEQLQ,0
8183,VLVEFTKKLPGFQTLDHEDQIALLKGSAVEAMFLRSAEIFNKKLPSGHS,0
7315,EGASLKGHLPKVQRPSLKMPKVDLKGPKLDLKGPKAEVTAPDVKMSLSS,0
5377,PDLHLKAPKISMPEVDLNLKGPKMKGDVDVSLPKVEGDLKGPEVDIKGP,0
5218,PEMHFKTPKISMPDVDFNLKGPKIKGDVDVSAPKLEGELKGPELDVKGP,0
3898,SGELAVRALEQFATVVEAKLIKHKKGIVNEQFLLQRLADGAIDLYAMVV,0
7995,RRKEEEVQQQKLAEERRRQNLQEEKERKLECLPPEPSPDDPESVKIIFK,0
6291,FSYGTKILYQNTEALQSKFFSPLQKAMLPPNSFQGKVAFITGGGTGLGK,0
9518,AELGEQIDNLQRVKQKLEKEKSELKMEIDDMASNIEALSKSKSNIERTC,0
3441,MMMMMMSLWVDKYRPCSLGRLDYHKEQAAQLRNLVQCGDFPHLLVYGPS,0
8128,TGMKKVPKKLEEIPPASPEMAQMRKQCLDYHYQEMQALKEVFKEYLIEL,0
9763,MPVAKLAGFLDLTEQEFRIQLLVFKHKMKNLVWTSGISALDGEFQSASE,0
1078,DFNVPMKNNQITNNQRIKAAVPSIKFCLDNGAKSVVLMSHLGRPDGVPM,0
4502,LMKILTERGYSFVTTAEREIVRDIKEKLCYVALDFENEMATAASSSSLE,0
6325,STDLVVEAIVENLKVKNELFKRLDKFAAEHTIFASNTSSLQITSIANAT,0
4640,PKVKAHGKKVLTSLGDAIKHLDDLKGTFAQLSELHCDKLHVDPENFKLL,0
1277,RLESKIREHLEKKGPQVRDWSHYFKIIEDLRAQIFANTVDNARIVLQID,0
373,PLHILRAIYELQMKKTDYFFLEVQKRFDGDELTTDERIRSLAQRWQPSK,0
7537,LDNQCVSVEPKKKEQENKTLVLSDKHSPQKKSTVTNEVKTEVLSPNSKV,0
9194,MTADKDKDKDKEKDRDRDRDREREKRDKARESENSRPRRSCTLEGGAKN,0
668,KAEKTEKKEEEKKDEEEKDEKEDSKENTKEKDKIDGTAEETEEREQATP,0
7443,AENSEKIDENSDKEMEVEESPEKIKVQTTPKVEEEQDLKFQIGELANTL,0
2288,KEVLQKAIEENNNFSKMAEEKLTHKMEANKENREAQMAAKLERLREKDK,0
483,KSNIPQSEVSHKEDQIQEILEGLQKLKLENDLSTPASQCVLINTSVTLT,0
3370,MQDAEVSKSDIGEVILVGGMTRMPKVQQTVQDLFGRAPSKAVNPDEAVA,0
5551,KEKAILQATLREEKKLRVENAKLKKEIEELKQELIQAEIQNGVKQIPFP,0
119,CVKEVEKLQEKREKRRLQQQELREKRAQDVDATNPNYEIMCMIRDFRGS,0
2270,FAEKELFPIAAQVDKEHLFPAAQVKKMGGLGLLAMDVPEELGGAGLDYL,0
4560,PTVFFDIAVDGEPLGRVSFELFADKVPKTAENFRALSTGEKGFGYKGSC,0
9620,KSVAEGLSGSLVQEPFQLATEKRAKERQELEKRMAEVEAQKAQQLEEAR,0
5060,NPCIIATKTPSSDVLVFDYTKHPSKPDPSGECNPDLRLRGHQKEGYGLS,0
8694,NTTVIFPFQTATCRRCSACRACFHKQCFQSSECPRCARITARRKLLESV,0
9212,KPTTLSLPLTPESPNDPKGSPFENKTIERTLSVELSGTAGLTPPTTPPH,0
9944,EEFVEGTGSLDEDTSLPEGLKDWNKEREKEKEEPPGEKVANNNNNNNNN,0
1224,MMMMMMMMMSAKSRTIGIIGAPFSKGQPRGGVEEGPTVLRKAGLLEKLK,0
1084,GIHRTVHAGEVGSAEVVKEAVDILKTERLGHGYHTLEDQALYNRLRQEN,0
3287,EKENADLAGELRVLGQAKQEVEHKKKKLEAQVQELQSKCSDGERARAEL,0
8863,LSTVLPTEGTLQENVSEASKEVSEKAKTLLIDRDLTEFSELEYSEMGSS,0
5190,SGPKVDVEVPDVSLEGPEGKLKGPKLKMPEMHFKAPKISMPDVDLHLKG,0
3886,DGSLNTANGFPVFATVILANHVAKKDNKVAVGELTDEDVKMITSLSKDQ,0
4385,QKKDGKKRKRSRKESYSVYVYKVLKQVHPDTGISSKAMGIMNSFVNDIF,1
2377,KKQKVEGTEPTTAFNLFVGNLNFNKSAPELKTGISDVFAKNDLAVVDVR,0
4995,PAPNFKATAVMPDGQFKDISLSDYKGKYVVFFFYPLDFTFVCPTEIIAF,0
5173,KMPDMHFKAPKISMPDVDLHLKGPKVKGDVDVSVPKLEGDLTGPSVGVE,0
8830,DKPVFSFQPRGHLEIGEKLDIIRQKRLSHVSGHRSYYLRGAGALLQHGL,0
8618,GNFAVVKLGRHRITKTEVAIKIIDKSQLDAVNLEKIYREVQIMKMLDHP,0
3012,ESDRKEPLFGISTGNLITGLAAGAKTYKMSMANRGQNQPVLNITNKQAF,1
3387,MMMPGVTVKDVNQQEFVRALAAFLKKSGKLKVPEWVDTVKLAKHKELAP,0
6510,QTNVGQDGRQALEEAQKAIQQLFGKIKDIKDKAEKSEQMVKEITRDIKQ,0
7955,MKAVQADQERERQRRLEVEREAEKKREAKQRAKEAQERELRKREKAEEK,0
1670,VFDKDGNGYISAAELRHVMTNLGEKLTDEEVDEMIREADIDGDGQVNYE,0
10081,MMALSMPLNGLKEEDKEPLIELFVKAGSDGESIGNCPFSQRLFMILWLK,0
7942,MMMMMMMMPEVSSKGATISKKGFKKAVVKTQKKEGKKRKRTRKESYSIY,0
1597,FKQNKVVHVNGYGKITGKNQVTATKADGGTQVIDTKNILIATGSEVTPF,0
106,SPKGTPTLPATTPSSKGGPTTPSSKEGPTPPAATPSHKGGPAMTPPSPK,0
7690,TLMNKVQDTEISLQQQQQHLQLRLKSPEERAGNQSMIALTTDLQATKHG,0
9027,QRSEAKHILMQKQRALSDLFKHLAKIGLSYRKGLAWARSKNPQEMLHLH,0
8485,MKIEATHVKKKQLHHYLPAEILQKKKKQSLSDVNRSSGGLQSKRLSLDS,0
1253,NYVIRGVTHNIALLREVIINSRFVKGDISTKFLSDVYPDGFKGHMLTKS,0
7616,IYFEAKKKQDLYMWLSNSPHGPSAKFLVQNIHTLAELKMTGNCLKGSRP,0
621,LGEQVLGLKSQVDAQLLTVQKLEEKERALQGSLGGVEKELTLRSQALEL,0
733,SQPPSKRKRRWDQTADQTPGATPKKLSSWDQAETPGHTPSLRWDETPGR,0
6057,ICNAYTELNDPMRQRQLFEEQAKAKAAGDDEAMFIDENFCTALEYGLPP,0
9604,KSKNEPEDTEDKEGCQMDKEPSAVKKKPKPTNPVEIKEELKSTSPASEK,0
758,RVVDESDETENQEEKAKENLNLSKKQKPLDFSTNQKLSAFAFKQEEEEE,0
3992,SSSDYSDLQRVKQELLEEVKKELQKVKEEIIEAFVQELRKRGSPPPPPP,0
958,SEWFSSGFLNLERVTWHSPCEVLQKISEAEAVHPVKNWMDMKRRVGPYR,0
6027,ISRQQNELAELHANLARALQQVQEKEVRAQKLADDLSTLQEKMAATSKE,0
6275,SYLVGLFEDTNLCVIHAKRVTIMPKDIQLARRIRGERAAAAAAAAAAAA,1
1254,VTHNIALLREVIINSRFVKGDISTKFLSDVYPDGFKGHMLTKSEKNQLL,0
9079,VKSEKLKDLFDYSPPLHKNLDAREKSTFREESPLRIKMIASDSHRPEVK,0
2876,RIASLEVENQSLRGVVQELQQAISKLEARLNVLEKSSPGHRATAPQTQH,0
8550,VQSLEQQLVLEKEKLSAMQAHLAGKMALTKASSVASSDKGSCCIVAAGS,0
1087,VIAPWRMPEFYNRFKGRNDLMEYAKQHGIPIPVTPKNPWSMDENLMHIS,0
2138,VSPVVRVAVEAKNPADLPKLVEGLKRLAKSDPMVQCIIEESGEHIIAGA,0
7453,AIVDMSYARHFLDFQGSAIPQAMQKLVVTRLSPNFREAVTLSRDCPVPL,0
5858,ACFEVFQTWDDEYEKLQVLLRDIVKRKREENLKMVWRINPAHRKLQARL,0
4638,PKVKAHGKKVLGAFSDGLAHLDNLKGTFATLSELHCDKLHVDPENFRLL,0
4237,KMSSSEEESKIDLLDRKEDVKKKLKKAFCEPGNVENNGVLSFIKHVLFP,0
9366,LKQKEAKKKSKAEKEKGKTKQEKLKEKVKREKKEKVKMKEKEEVTKAKP,0
29,PKSYTAADATLKINSQIKIDAHLNKVCPTTETIYNDEFYTKQDVIITAL,0
10078,KLSPKHPESNTAGMDIFAKFSAYIKNSRPEANEALERGLLKTLQKLDEY,0
3079,KEKGNKALSVGNIDDALQCYSEAIKLDPHNHVLYSNRSAAYAKKGDYQK,0
346,PGPGEPLVFGKTFTDHMLMVEWNDKGWGQPRIQPFQNLTLHPASSSLHY,0
1833,KITITNDKGRLSKEDIERMVQEAEKYKAEDEKQRDKVSSKNSLESYAFN,0
4984,GCDSPDPDADDSVGHSPESEDKYRKINEDIDLMISRQRLCAVPPPNFEM,0
6188,YAIPGDCGPPLSDLLKGMLEYEPAKRFSIRQIRQHSWFRKKHPPAEAPV,0
9468,TGGPGPKGISCIVVEKGTPGLSFGKKEKKVGWNSQPTRAVIFEDCAVPV,0
8682,GNIVVKLPLPPGAFSGLWKNQEAFKHLYFEKFPGYYDTMDAGYMDEEGY,0
2968,SMQKSMQNHAAVFRVGSVLQEGCGKISKLYGDLKHLKTFDRGMVWNTDL,0
4922,LAHYIDRVRALELENDRLLLKISEKEEVTTREVSGIKALYESELADARR,0
5648,NYDHVVLGGGQEAMDVTTTSTRIGKFEARFFHLAFEEEFGRVKGHFGPI,0
683,DPMFKLVAQLYKIVPNVLLEQGKAKNPWPNVDAHSGVLLQYYGMTEMNY,0
9226,TGYDPVKLFTKLFKDDIRYLLTMDKLWRKRKPPVPLDWAEVQSQGEETN,0
1765,SPYFINTSKGQKCEFQDAYVLLSEKKISSIQSIVPALEIANAHRKPLVI,0
2609,SQYFRLFNSTRLPKPSRDELFTDDKARHLLVLRKGNFYIFDVLDQDGNI,0
2478,MRKERRRIQEQLRRLKRNQEKEKLKGPPEKKPKKMKERPDLKLKCGACG,0
8652,RLGGERRTRRESRQESDPEDDDVKKPALQSSVVATSKERTRRDLIQDQN,0
9730,VTKNDVMNLLESAGFSRSNPYYIVKQGKINQMATAPDSQRLKLLREVAG,0
8305,SGGEAQAKKLGNNCVFAPADVTSEKDVQTALALAKGKFGRVDVAVNCAG,0
1121,QNCELFEQLGEYKFQNALLVRYTKKVPQVSTPTLVEVSRNLGKVGSKCC,0
794,EEKEDVKSCAEWVSLSKARIVEYEKEMEKMKNLIPFDQMTIEDLNEAFP,0
5235,PKVDIEGPDVNIEGPEGKLKGPKLKMPEMNIKAPKISMPDFDLHLKGPK,0
4800,TDHQYLAESSGPARGRGRHPGKGVKSPGEKSRYETSLNLTTKRFLELLS,0
2075,EEISDLTEQLGEGGKNVHELEKVRKQLEVEKLELQSALEEAEASLEHEE,0
1488,LRVPFLDHRFSSYYLSLPPEMRIPKNGIEKHLLRETFEDSNLIPKEILW,0
2150,PKLGGNMKKLENCNYAVELGKNQAKFSLVGIGGQDLNEGNRTLTLALIW,0
1512,DNASLARLDLERKVESLQEEIAFLKKLHEEEIQELQAQIQEQHVQIDVD,0
9990,ALFIGDTVLVDEDGPATVLTSVKKKVKNVGIFLKNEDEEEEEEEKDEAE,0
9752,IKGGLLTSEEDSGFSTSPKDNSLPKKKRQKTEKKSSGMDKESALDKSDL,0
8246,ERQKEGIKLTIRISSRKKKPDSPPKVLEPENKQEKTEKEEEKTNVGRTL,0
2128,ATENKVKNLTEEMAGLDETIAKLSKEKKALQETHQQTLDDLQAEEDKVN,0
624,REKEEPPSPIEATPPQSLLEKVSKKKTPKTVKMPKPSKIPKPPKPPKPP,0
4450,PVSVKVGDKVLLPEYGGTKVVLDDKDYFLFRDGDILGKYVDDDDDDDDD,0
7459,SETDSSDEDNKRRAKKAKKKEKKKKHRSKKYKKKRSKKSRKESSDSSSK,0
9556,VMAAGAKHGLINAGYRAIDSLSIEKGYRHWHADLRPDDSPLEAGLAFTC,0
2018,AALRKKHADSVAELGEQIDNLQRVKQKLEKEKSEFKLELDDVTSNMEQI,0
3921,ERERERERREREREREREREREKEKERERERERDRDRDRTKERDRDRDR,0
1669,TMMARKMKDTDSEEEIREAFRVFDKDGNGYISAAELRHVMTNLGEKLTD,0
9447,DARVYSYALALKHANAKPFEVPFLKFFFFFFFFFFFFFFFFFFFFFFFF,0
6225,PYSPSEYSLQQTRDGNVFLVPKSKKPDVKKNNNNNNNNNNNNNNNNNNN,0
4202,KMFSKAFDSGIIPMEFVNKMKKEGKLIMGIGHRVKSINNPDMRVQILKD,0
9664,PEFQFSSQNKEYPDREDCTTEKGKKTTVETEDSSVENPEQDLFVEQKER,0
4077,VRAAYEAFCRWREVSAKERSSLLRKWYNLMIQNKDDLARIITAESGKPL,0
4352,YDKSIVDSGTTNLRLPKKVFEAAVKSIKAASSTEKFPDGFWLGEQLVCW,0
6169,PGSSPITKHGLSSGSSSTKMKPQGKPSSLMNPSLSKPNISPSHSRPPGG,0
6243,QFLIYQILRGLKYIHSADIIHRDLKPSNLAVNEDCELKILDFGLARHTD,0
8579,QKQMKVLKKELRHLLSQPLFTESQKTKYPTQSGKPPLLVSAPSKSESAL,0
2388,ATEETLQEVFEKATFIKVPQNQNGKSKGYAFIEFASFEDAKEALNSCNK,0
293,EKELERERERDKKDKEKLESRSKDKKEKDECTPTRKERKRRHSTSPSPS,0
1026,GSGGLASARRAAELGARAAVVESHKLGGTCVNVGCVPKKVMWNTAVHSE,0
8381,IMNSFVNDIFERIAGEASRLAHYNKRSTITSREIQTAVRLLLPGELAKH,0
1068,LNEDERLLPKDKKTNLFSALIKKKKKTAPTPPKRSSSFREMDGQPERRG,0
318,SNVPKFGSPKPPVAVKPSSEEKPDKEPKPPFLKPTGAGQRFGTPASLTT,0
647,LVWTLILHYSISMPVWEDEGDDDAKKQTPKQRLLGWIQNKIPYLPITNF,0
6200,KNDPFKARVSSGYVPPPVATPFSSKSSTKPAAGGTAPLPPWKSPSSSQP,0
5861,PKILSKSESAISRHTTIRETQSEKKVSPTEIVLESFHKATANKENELCS,0
9402,WQYPPESKWWKTLREKMKSNEAASKELASKKSLPMNYYTVFYHVQEQLP,0
9584,PPPPAPASEPKGGLTSPIFCSTKPKKLLKTSSFHLLRRRDPPFQTPKKL,0
3038,EPSSTRIYAIAKAIDDNMSLDEIEKLTYIDKWFLYKMRDILNMEKTLKG,1
8051,ETPEGQVVCFDAKINFDDNAEFRQKDIFAMDDKSENEPIENEAAKYDLK,0
6306,PFMDFLTEDGFEKGPEELRALFQTKKVDLSQPLIATCRKGVTACHVALA,0
8233,PLCKSVTPTKEFLKDEIKQEEETCKRISTITALGHEGKQLVNGEVSDER,0
9650,GGKLPNFGFVVFDDSEPVQRILIAKPIMFRGEVRLNVEEKKTRAARERE,0
14,QRQQPGGRGGRSSGNKKSKKRCRRKESYSMYIYKVLKQVHPDIGISAKA,0
5044,SESFKSKEFVSSDESSSGENKSKKKRRRSEDSEEEELASTPPSSEDSAS,0
9490,LKERYAAWMIYTYSGLFCVTVNPYKWLPVYKPEVVTAYRGKKRQEAPPH,0
1658,AKLDKAQIHDLVLVGGSTRIPKVQKLLQDFFNGRDLNKSINPDEAVAYG,0
6998,QNSVPPSQTKSETSWESPKQIKKKKKARRETTTTTTTTTTTTTTTTTTT,0
3798,EGSEEDDKENDKTEEMPNDSVLENKSLQENEEEEIGNLELAWDMLDLAK,0
9941,KVINETWAWKNATLAEQAKLPATEKPVLLSKDIEAKMMALDREVQYLLN,0
5972,SDSEGSDYTPGKKKKKKLGPKKEKKSKSKRKEEEEEEDDDDDSKEPKSS,0
5270,KGPKVDIDVPDVNVQGPDWHLKMPKMKMPKFSMPGFKAEGPEVDVNLPK,0
5545,KPPDRPSSKSKDPPREEEKEKKKKKHKKRSRTRSRSPKYHSSSKSRSRS,0
4983,GLNGCDSPDPDADDSVGHSPESEDKYRKINEDIDLMISRQRLCAVPPPN,0
7258,HLPKVQMPSFKMPKVDLKGPEIDIKGPKLDLKDPKVEVTAPDVEVSLPS,0
3118,RKESYSIYVYKVLKQVHPDTGISSKAMGIMNSFVNDIFERIAGEASRLA,0
5687,HLKATRNSVPVPRHWCFKRKYLQGKRGIEKPPFELPDFIKRTGIQEMRE,0
7478,NARGAPMDPTESPAAPEAALPKAGKFGPARKSGSRQKKSAPDTQERPPV,0
5278,PKVDVEGPDVNIEGPEGKLKGPKFKMPEMNIKAPKIPMPDFDLHLKGPK,0
1190,RWSHWILSHAVALTRDSERLLEVRKRINVLPLGSGAIAGNPLGVDRELL,0
5556,PMKRPMEEDGEEKSPSKKKKKIQKKEEKAEPPQAMNALMRLNQLKPGLQ,0
8192,LEYLPNPSEVQNYAILNKEDDSKEKTKILMNSSRDNSHPFVGLAFKLEV,0
6708,SANTVEEIIENLQQDGSSFALEQLKVINKMSPTSLKITLRQLMEGSSKT,0
7872,EKEALEQQRQQLLTERQNFHMEQLKYAELRARQQMEQQQHGQNPQQAHQ,0
9020,LARKECLKFLIKRLAKIVRLTEYQKNELKIYDRMKAKEFTGIDNLWGIH,0
5736,KMEIYRPHKANAEEMTKYHSDDYIKFLRSIRPDNMSEYSKQMQRFNVGE,0
7077,EDRQVRVLLFRSGVKGVFCAGADLKEREQMSEAEVGVFVQRLRGLMNDI,0
92,MMMMMMMMMMMMMMMMMMMGKGDPKKPRGKMSSYAFFVQTCREEHKKKH,0
2249,DEQLSPEEEEKRRIRRERNKLAAAKCRNRRRELTEKLQAETEELEEEKS,0
8771,GEKLQVLKAKLQEAMKLRRFEERQKRQALFKLDNEDGFEEEEEEEEEMT,0
3438,FEEKMISDAIPELKASIKKGEDFVKTLKKKKKKKKKKKKKKKKKKKKKK,0
8995,RKKNHVCQYYIYELQKRIAEMETQKEKIHEDTKEINEKSNILSNEMKAK,0
9849,SEIASQEEGATIQWMSSVEAKIEDKKVQRESKLTSGKLENLRKEKINFL,0
9202,NFLDVGGGATVHQVTEAFKLITSDKKVLAILVNIFGGIMRCDVIAQGIV,0
439,YCVGDEVTMADLCLVPQVANAERFKVDLTPYPTISSINKRLLVLEAFQV,0
6790,LEAAAKRKLSGLEQPQGALQTRRRKKKRPGSTSPPPPPPPPPPPPPPPP,0
3422,TQYPDVNHAKVKLQGKEVGVYEALKDDSWLKGEFVTTVQQRGAAVIKAR,0
3209,LETAEEVKRKLQKDLEGLSQRHEEKVAAYDKLEKTKTRLQQELDDLLVD,0
7288,AKLDSTRLEGDLSLADKDVTAKDSKFKMPKFKMPSFGMLSPGKSIEVSV,0
4476,SMKKVAGMDVELTVEERNLLSVAYKNVIGARRASWRIISSIEQKEENKG,0
7750,AFEIPPHMKNQALFPACVLKNAELKFNFGEEEFKFPPKDGFVALSKAPD,0
3319,SSMGTLPKRVKIVEVGPRDGLQNEKNIVSTPVKIKLIDMLSEAGLSVIE,0
6750,FRQKRPSPSRTPEEREWRTQQRYLKVLREVKEECGDTALSSDEEDLSSW,0
4518,NKRSTITSREIQTAVRLLLPGELAKHAVSEGTKAVTKYTSSKKKKKKKK,1
3281,YVMQIVINPKDNNQFASASLDRTIKVWQLGSSSPNFTLEGHEKGVNCID,0
1453,ARMASQNSFRIEYDTFGELKVPNDKYYGAQTVRSTMNFKIGGVTERMPT,0
2191,QLEYLDLYLMHWPYAFERGDNPFPKNADGTICYDSTHYKETWKALEALV,0
4386,RKESYSVYVYKVLKQVHPDTGISSKAMGIMNSFVNDIFERIAGEASRLA,0
7781,SVQVNGAATELRKPSYAEICQRTSKEPPSSPLQPQKEQKPNTVGCGKEE,0
8631,KEKIKEEMNEDHSTPKKEKQERISKHKENLQHTQAEEEAHLLTQQRLYY,0
2316,IELGGTVGDIESMPFIEAFRQFQFKVKRENFCNIHVSLVPQPSSTGEQK,0
3482,CCLRCIQTRDTNFGTNCICRVPKSKLEVGRIIECTHCGCRGCSGGGGGG,0
9160,NQGKKAEGAQNQGKKAEGAQNQGKKAEGAQNQGKKAEGAQNQGKKAEGA,0
6785,SLPKFQHPSHELLKENGFTQHVYHKYRRRCLNERKRLGIGQSQEMNTLF,0
2098,DLKLAQESTMDMENDKQQLDEKLEKKEFEISNLISKIEDEQAVEIQLQK,0
8530,HEILEKPSPPQPPPPPSVPQTVIPKKTGSPEIKLKITKTIQNGRELFES,0
1575,PKKPRGKMSSYAFFVQTCREEHKKKHPDASVNFSEFSKKCSERWKTMSA,0
1523,SNAQRQEISAAFKTLFGRDLLDDLKSELTGKFEKLIVALMKPSRLYDAY,0
5762,ERVNEVNQFAAKLIQEQHPEEELIKTKQDEVNAAWQRLKGLALQRQGKL,0
2627,MMMMMMMMMMMMMMMMMMMGFGDLKSPAGLQVLNDYLADKSYIEGYVPS,0
4075,GNKMYVFGGWVPLVMDDVKVATHEKEWKCTNTLACLNLDTMAWETILMD,0
5418,VESDLKGPEVDIEGPEGKLKGPKFKMPDVHFKSPQISMSDIDLNLKGPK,0
6380,ISVDDGPWEKQKSSGLNLCTGTGSKAWSFNINRVATQAVEDVLNIAKRQ,0
8790,SVMGGEQAANVLATITKDQRAREGKQFSSADEAALKEPIIKKFEEEGNP,0
388,EEKTPMPPISSVLLAFSVLGELHSKLKSFGQMLLKYILRPLASCPSLHA,0
3495,SSAENTRQNGSNDSDRYSDNEEGKKKEHKKVKSTRDIVPFSELGTTPSG,0
8704,DGDILASNFSVDTQVAYILSLGVVKEFRKHGIGSLLLESLKDHISTTAQ,0
4345,LIKLGRYSALFLGVAYGATRYNYLKPRAEEERRIAAEEKKKQDELKRIA,0
8679,KRPVTSSSFSGFQPPLLAHRDSSLKRLTRWGSQGNRTPSPNSNEQQKSL,0
1470,ITLYLEKEREKEISDDEAEEEKGEKEEEDKDDEEKPKIEDVGSDEEDDS,0
3508,QSGNIQSTVMLDKQKELDSKVRNVKDKVMCIEHEIKSLEDLQDEYDFKC,0
8045,ILKQASQNFTFTPEWGADLRTEHEKYLVKHCGNIPVFVINYPLTLKPFY,0
7323,DLEVQAGQVDVKLPEGPVPEGAGPKVHLPKVEMPSFKMPKVDLKGPQID,0
2689,LATEKKQKSILYDERSVHKVEPITKHIGLVYSGMGPDYRVLVHRARKLA,0
8256,GLTMQYPEGYLEALANREREKENSKREEEEQQEGGFASPRTGKGKWKRK,0
88,GDPKKPRGKMSSYAFFVQTCREEHKKKHSDASVNFSEFSNKCSERWKTM,0
8229,EDEKELVKLPVIVKLEKPLPENEEKKIIKEESDSFKENVKPIKVEVKEC,0
4333,SVIVVDNVPQVGPDRLEKLKNVIHKIFSKFGKITNDFYPEEDGKTKGYI,0
7061,DREERNEKKAQIQEMKKREKEEMKKKREMDELRSYSSLMKVENMSSNQD,0
4193,KRNRYLSFHFKSGSLENVPNVGVNKNIFLKDQNIFVQKLLGQFSEKELA,0
487,LHVKQSSKERLAAMKPLRRLGRPPKITTTNENQKTNTVAKQEQRPIKKN,0
1175,DIFEREYKYGAHNYHPLPVALERGKGIYLWDVEGRKYFDFLSSYSAVNQ,0
6756,EVKPLPRDKIKDKIKERDKEKEREKKKHKVMNEIKKENGEVKILLKSGK,0
5328,KVKMPKFSMPGFKGEGPEVDVTLPKADIDISGPNVDVDVPDVNIEGPDA,0
7007,KEEKLEGDNRYFCENCQSKQNATRKIRLLSLPCTLNLQLMRFVFDRQTG,0
9624,RDIRTPPLQSERRLQGHRQEVCGLKWSTDHQLLASGGNDNKLLVWNHSS,0
9522,TKSKQALTQQLEELKRQMEEETKAKNAMAHALQSSRHDCDLLREQYEEE,0
8781,LLKPISVEGSSKKVKTDTVLILCRKKVENTRWDYLTQVEKECKEKEKPS,0
7905,TIAQGGVLPNIQAVLLPKKTESHHKAKGKKKKKKKKKKKKKKKKKKKKK,1
7038,EGADTKRPLIDARVLSRVTDLFIGKKPIELRLDDRRELVIKLETVEKVY,0
3728,LQTHPNVDKKLFTAESLIGLKNPEKSFPVNSDVGVLKWRLQTTEESFIP,0
7403,MMMMMMMMMMMMMPDPSKSAPAPKKGSKKAVTKAQKKDGKKRKRGRKES,0
2540,DRFEVQGLQPNGEEMTLKQFLDYFKTEHKLEITMLSQGVSMLYSFFMPA,0
4148,MTEKAPEPHVEEDDDDELDSKLNYKPPPQKSLKELQEMDKDDESLIKYK,0
9196,PLKSNKRQREKVASDTEEADRTSSKKTKTQEISRPNSPSEGEGESSDSR,0
8085,QEELLASPKKLLEDTLFPSSKKLKKDNQESSDAELSSSEYIKTDLDAMD,0
735,LLMSPTLEDQERHLLVKVIDRILYKLDDLVRPYVHKILVVIEPLLIDED,0
2564,PFYMGLYQKRDRTQQYDDLIDEFMKAITDRYGRNTLIQFEDFGNHNAFR,0
8360,MMMMMMMMMMMMMMMMSGRGKQGGKARAKAKTRSSRAGLQFPVGRVHRL,0
704,QNLFQTFIKEWRCKKRFSISLACEKIRSLTSSKTATIGSRFKQASSPQE,0
3550,KVEDALNLKEEFDRLDSSAVLDTGKYVGLVRVLAKHGKLQDAINILKEM,0
3024,TSVESIMATEDRQLFSDKLNEINEKIAPSFAVESIEDALKAADTIGYPV,0
576,MMMMMMMMMMMMMMMMMMMMPEPAKSAPAPKKGSKKAVTKAQKKDGKKR,0
416,PRRRAVSMDNSNKYTKSRGRAAKKKAALQTAPESADDSPSQLSKWPGSP,0
1160,FNGGGHINHSIFWTNLSPNGGGEPKGELLEAIKRDFGSFDKFKEKLTAA,0
2835,ALPSLTQVRRENDLYVLPPLQEEEKHSSEEEDEKEWQERMNQKQALQEE,0
6876,QPSSSSRQRQQQPKSNSHAAIDWGKMAEQWLQEKEAERRKQKQRLTPRP,0
3469,RFGGGNPELLTQMVSKGFLGRKSGKGFYIYQEGVKRKDLNSDMDSILAS,0
5550,SVPGDRITFDAFPGEPDKELNPKKKIWEQIQPDLHTNDECVATYKGVPF,0
108,KKTPATLAPKEALIPPAMTVPSPKKTPAIPTPKEAPATPSSKEASSPPA,0
3815,VEAVYSVPGRGTVVTGTLERGILKKGDECELLGHSKNIRTVVTGIEMFH,0
8644,FRYEKDYCWEYFLSSNTLQMLHNMKGQFAEHLLGAGFVSSRNPKDPESN,0
3688,GKHRKHPGGRGNAGGLHHHRINFDKYHPGYFGKVGMKHYHLKRNQSFCP,0
9004,NTAVSQLTKAKEALIAASETLKERKAAIRDIEGKLPQTEQELKEKEKEL,0
6678,SNLLQSFKESMVKDKRKERKSSPSKENESSDSEEEVSRPRKSRKRVDSD,0
7500,VDTQEFNLEKARLEVHRFGITGYGKGKERILEQERAIMLGAKPPKKSYV,0
2673,NLEPDNVGVVVFGNDKLIKEGDIVKRTGAIVDVPVGEELLGRVVDALGN,0
7588,EAALPAVVFLHGLFGSKTNFNSIAKILAQQTGRRVLTVDARNHGDSPHS,0
7816,EDAASSEVPAASPADSSNSPETETKEPEVEEEEEKPRVSEEQRQSEEEQ,0
1616,MEEVKEANIRVVSEDFLQDVSASTKSLQELFLAHILSPWGAEVKAEPVE,0
9302,TFAEEFTTQNQKSQDVELWEGEVVKELSVEEQIKRNRYYDEDEDEEEEE,0
3686,SLYTFDKAKQCIGTMTIEIDFLQKKSIDSNPYDTDKMAAEFIQQFNNQA,0
765,NMGKSSKKSTALSRTTNNEKSPIIKPLIPKPKPKQASAASYFQKRNSQT,0
9811,AHALQKAQRDCDLLREQYEEEQEVKAELHRTLSKVNAEMVQWRMKYENN,0
5893,KALLDASETTSTRKIKEEEKRVNSKFDTIYQILLKKKSEIQTLKEEIEQ,0
3933,RRQPQIKQEPESEEEEEEKQEKEEKREEPMEEEEEPEQKPCLKPTLRPI,0
5034,LKKLASQGNPPLKEWQSLAGSPSSKLLLLLLLLLLLLLLLLLLLLLLLL,0
8424,SLYLLRVLKGNTAEGCVHETQEKQKAGTDPSHMPTGPQAASCLDLNLVT,0
399,ECEKAFVRKSHLVQHQKIHTDAFSKRSDLIQHKRIDIRPRPYTCSECGK,0
6978,SLCTPNSLPSGCEFGQADMQKLVPKDEKAGTTQGGKRSDGEQDGAAGSM,0
4767,LLLNDLLMVLSPRLDHTRAVNYFSKVKQLPLVKPYLRSVQNHNNKSVNE,0
9312,KSSSNSNKETSGSSKNSSSTSKQKKTEGKTSSSSKEVKEKAPSSSSNCP,0
3625,MGTPVQKLDLAGTLPGSKRQLQTPKEKAQALEDLAGFKELFQTPGHTEE,0
9736,KDELQSERNYLWREENAEQQALAAKREDLEKKQQLLRAATGKAILNGID,0
3210,FCVVINPYKNLPIYSEEIVEMYKGKKRHEMPPHIYAITDTAYRSMMQDR,0
8643,FLPGWDNISTLHDLLMSQVMFKSDKFLIIPLHSLMPTVNQTQVFKRTPP,0
9677,AIQRSQQYEQAADAELAWVAETKRKLMALGPIRLEQDQTTAQLQVQKAF,0
5898,RQLESMIRLSEAMARMHCCDEVQPKHVKEAFRLLNKSIIRVETPDVNLD,0
2072,SEVAQWRTKYETDAIQRTEELEEAKKKLAQRLQDAEEAVEAVNAKCSSL,0
6069,DNHRIPRENMLMKYAQVKPDGTYVKPLSNKLTYGTMVFVRSFLVGEAAR,0
5427,PDLHLKAPKISMPEVDLNLKGPKVKGDMDISLPKVEGDLKGPEVDIRDP,0
7289,LDSTRLEGDLSLADKDVTAKDSKFKMPKFKMPSFGMLSPGKSIEVSVDV,0
6953,LDRLNEQGNFKSLSQSSKEARTSDKHDSTRASSNKDFTPNRDKKTDYDT,0
8562,SPSALKAKLRPRNRSAEEGELAESKSSQKESAVQRSKSCKVPGLGKPLT,0
6808,ITAGARQKKGETRLDLVQRNVSIFKLMIPNITQYSPHCKLLIVTNPVDI,0
3375,IIHDTETKMEEFKDQLPADECNKLKEEISKMRELLARKDSETGENIRQA,0
7559,ERKKEKKEKTEKKFDHSKKSEDTQKVKDEKQAKEKEVESLKLPSEKNSN,0
8346,MMMMMMMMMMMMMMPEPSKSAPAPKKGSKKAVTKAQKKDGKKRKRSRKE,0
3914,GEKKLLVKVDAKTKAQLDEWKAKKKASNGNARPETVTNDDEEALDEETK,0
4573,CERVTPRLSHANSAVVLSAVKVLMKFLELLPKDSDYYNMLLKKLAPPLV,0
5079,SNESTDVTKGDSKNAKKKNNKKTSKNKSSLSRGNKKKPGMPNVSNDLSQ,0
6831,KKRYKDSLSLAAMIRKFQKEKDALKKESNPKVPVTLSTPSLNKPPCAAA,0
1794,TMEKAVEEKIEWLESHQDADIEDFKAKKKELEEIVQPIISKLYGSAGPP,0
5674,LQVRAASAPAKGTPGKGATPAPPGKAGAVASQTKAGKPEEDSESSSEES,0
3245,EICHDLEARVEEEEERCQHLQAEKKKMQQNIQELEEQLEEEESARQKLQ,0
3412,ELAGLLSAMEYVQKTLTDEELADWKRRQQIACIGGPPNICLDRLENWIT,0
1692,TGGIKKPHRYKPGTLALREIRKYQKSTQLLLRKLPFQRLVREIAQAISP,1
8928,VHKESGKKLGLGTVVGLVNKDLGKKLGSTVGLVAKDCAKKIVASSAMGL,0
1732,EVKCMPTFQFFKKGQKVGEFSGANKEKLEATINELVVVVVVVVVVVVVV,0
360,PPFRAGNEYLIFQKIIKLEYDFPEKFFPKARDLVEKLLVLDATKRLGCE,0
5082,HHVETRWHCTVCEDYDLCITCYNTKNHDHKMEKLGLGLDDESNNQQAAA,0
7401,MMMMMMMMMMMMMMPDPSKSAPAPKKGSKKAVTKAQKKDGKKRKRGRKE,0
8293,EESETQGPMSPLGDELYHCLEGNHKKQPFEESTRNTEDSLRFSDSTSKT,0
101,CAFRQGLTKDAHNALLDIQSSGRAKELLGQGLLLRSLQERNQEQEKVER,0
8868,NIQPKVEEKISFSDDFSKNGSATSKVLLLPPDVSALATQAEIESIVKPK,0
9121,DHKPKSWVAAEKMYHTHRRRRLVRKRKKDLTQTASSTARAMEELQDQEG,0
6466,LEGDCCSFITQLVNHFWKLHASKPKNAFLAPACLPGLTHIEATVNALVD,0
9701,DVEKSFMSSKHIFALFNTEQRNVYKDYRFLELACDSQEDVDSWKASLLR,0
4094,AADTTIILSDEDFMEVVLGKLDPQKAFFSGRLKARGNIMLSQKLQMILK,0
713,RATFHTPFSHLGQSPEGCSSYTFPKIMSPAKATEMLIFGKKLTAGEACA,0
8312,IGTMVEKLNTNVDLYQSLQKLLADKKLVDSLDPETRRVAELFMFDFEIS,0
4122,KEKNEKGALKRRAGDLLEDSPKRPKEAENPEGEEKEAATLEVERPLPME,0
2794,EPPVIQNPEYKGEWKPRQIDNPDYKGTWIHPEIDNPEYSPDPSIYAYDN,0
2304,MMMMMMMMMMMMMMMMMMMSESSSKSSQPLASKQEKDGTEKRGRGRPRK,0
2340,KSHRSQTRSRSRSRRRRRSSRSRSKSRGRRSVSKEKRKRSPKHRSKSRE,0
6462,KQGMKAEHASSLLELASTTKCSSVKYDVEIVEEYFARQISSFCSIDCTT,0
8663,MMMMMMMMMMMMMMMMMMMMMPILKQLVSSSVHSKRRSRADLTAEMISA,0
7247,GQVPEGAGLKEHLPKVEMPSLKMPKVDLKGPQVDIKGPKLDLKVSKAEV,0
7087,EQRDRDEREKQEEIDNYKKDLKDLKEKVSLLQGDLSEKEASLLDLKEHA,0
4326,TGCQIDWKKGKNVTLKTIKKKQKHKGRGTVRTVTKTVSNDSFFNFFAPP,0
3424,NKTWKFVEGLPINDFSREKMDLTAKELTEEKESAFEFLSSAAAAAAAAA,0
3881,KNSNEYRVRRERNNIAVRKSRDKAKQRNVETQQKVLELTSDNDRLRKRV,0
9586,TDHNSLDSSLTREKIEAKIKEVEEKQPEMKSGFMASFLDFLKSGKRHPP,0
4572,AALSEISESHPNSNLLDLNPQNINKLLTALNECTEWGQIFILDCLSNYN,0
2039,IKPLLKSAEREKEMASMKEEFTRLKEALEKSEARRKELEEKMVSLLQEK,0
8345,REIQTAVRLLLPGELAKHAVSEGTKAVTKYTSSKKKKKKKKKKKKKKKK,1
3350,FGAEILKKIPGRVSTEVDARLSFDKDAMVARARRLIELYKEAGISKDRI,0
5183,VDIKGPKMDIDAPDVDVHGPDWHLKMPKMKMPKFSMPGFKAEGPEVDVN,0
8384,MMMMMMMMMMMMMMPELAKSAPAPKKGSKKAVTKAQKKDGKKRKRSRKE,0
9136,TSSRLPAPTPSDFQLQFPPSQGPHKSPTPPPTLHLVPEPAAPPPPPPRT,0
7665,HRHALRLLIHLHPRVAPSKLEALQKALEPTGQSGEAVKELYSQLGEKLE,0
1897,ELEKPKPIPYIYGSRGPTEADELMKRVGFQYEGTYKWVNPHKLLLLLLL,0
7696,GWLTLQKEKLQKLLKDSENDTYFKKYNSLLSFMESFNEEKKSFLDVLSI,0
245,IQQRHTQMKRFLKYGNREKMAQELKYGDIVERHLIDGDVVLFNRQPSLH,0
2301,AAKNSLEAHVFHVKGSLQEESLRDKIPEEDRRKMQDKCREVLAWLEHNQ,0
9123,SLLSAPPCRDIVIEMEDTKPLLASKLTEKEEEIVDWWSKFYASSGEHEK,0
3111,MMMMMMMMMPEPSKSAPAPKKGSKKAITKAQKKDGKKRKRSRKESYSIY,1
1076,KDLMSKAEKNGVKITLPVDFVTADKFDENAKTGQATVASGIPAGWMGLD,0
1691,MMMMMMMMMMMMMMMMMMMMMARTKQTARKATAWQAPRKPLATKAAGKR,0
4439,KFMKPGKVVLVLAGRYSGRKAVIVKNIDDGTSDRPYSHALVAGIDRYPR,0
333,NPGISIGDVAKKLGEMWNNLNDSEKQPYITKAAKLKEKYEKDVADYKSK,0
1156,IRRKNCPACRYRKCLQAGMNLEARKTKKKIKGIQQATTGVSQETSENPG,0
2885,QGKTVIQAEIDAAAELIDFFRFNAKYAVELEGQQPISVPPSTNSTVYRG,0
9590,EQTPETAMPEPPAPEKPSLLRPVEKEKEKEKVTRGERPLRGERATSGRQ,0
263,VQRQLAIQRLQEQEKERQMRLEQQKQTVQMRAQMPAFPLPYAQLQAMPA,0
3405,EKCNNPRSVTLLIKGPNKHTLTQIKDAVRDGLRAVKNAIDDGCVVPGAG,0
3077,KCRELCEKAIEVGRENREDYRQIAKAYARIGNSYFKEEKYKDAIHFYNK,0
3946,PASSSSTVPVSLPSGGSLGLEKFKKPEGSWDCELCLVQNKADSTKCLAC,0
3353,ELLQDNAKLVPVLSAKAAQASDLEKIHLDEKSFRWLHNEDQMAVEKLSD,0
1530,QFGQILDILVSRSLKMRGQAFVIFKEVSSATNALRSMQGFPFYDKPMRI,0
3329,ITRRLKSIKNIQKITKSMKMVAAAKYARAERELKPARIYGLGSLALYEK,0
2109,QQEISDLTEQIAEGGKQIHELEKIKKQVEQEKCEIQAALEEAEASLEHE,0
6550,MMMMMVAYWRQAGLSYIRYSQICAKVVRDALKTEFKANAKKTSGNSVKI,0
3837,LQKEQERISELEIINSSFENILQEKEQEKVQMKEKSSTAMEMLQTQLKE,0
3274,EILHDLESRVEEEEERNQILQNEKKKMQAHIQDLEEQLDEEEGARQKLQ,0
9948,EKPVQVPCGHVFCSACLQECLKPKKPVCGVCRSALAPGVRAVELERQIE,0
367,DGIRIWMLEMKQKSLMSLGNEAEEKHSSEATEVNPESLAKECIEKSLLL,0
7161,AKLDSAHLQGDLTLANKDLTTKDSKFKMPKFKMPSFGVSAPGKSIEASV,0
8683,MMMMMADLANEEKPAIAPPVFVFQKDKGQKSPAEQKNLSDSGEEPRGEA,0
7778,SEAKESSPAWRTPSSECYHGQSLGKPLVLQAALHGQSSIGNGKSQPNSK,0
6706,ATHFVDSEKLAMLEEDLLALKSPSKENIASVLENYHTESKIDRDKSFIL,0
4623,MMMMMMMMMMMMMMMMARTKQTARKSTGGKAPRKQLATKAARKSAPATG,0
1595,NLDKMMEQKSTAVKALTGGIAHLFKQNKVVHVNGYGKITGKNQVTATKA,0
3795,GEVIVSIEEKPKEVSEEQPVVTLEKQGTAVEVEAESLDPTVKPVDVGGD,0
590,QNVQPKKQELRAASVVQPQPLVVVKEEKIHSPIIRSEPFSPSLRPEPPK,0
4411,MFTFHKFAGDKGYLTKEDLRVLMEKEFPGFLENQKDPLAVDKIMKDLDQ,0
4734,AYLVGLFEDTNLCAIHAKRVTIMPKDIQLARRIRGERAAAAAAAAAAAA,1
8843,LKAVTNFGVPVEVFDSEEAEIFQKKLDETTRLLRELQEAQNERLSTRPP,0
2029,ELIETSERVQLLHSQNTSLINQKKKMDADLSQLQTEVEEAVQECRNAEE,0
1662,FCNFMHLKPISRELRRELYGRRRKKHRSRSRSRERRSRSRDRGRGGGGG,0
9090,KSILALVDGQPWDMYKPLTKSCEIKFLTFKDCDPGEVNKAYWRSCAMMM,0
6199,SPPPPPEEEGGPEAPIPPPPQPREKVSSIDLEIDSLSSLLDDMTKNDPF,0
76,DDVSSLEEEQEFHMRSKNSLQYSAKEHGMPEKNPAEGNTVFVYNDKKGT,0
6112,REVSQSRKPSASERLPDEKVELFSKMRVLQEKKQKMDKLLGELHTLRDQ,0
6189,KGMLEYEPAKRFSIRQIRQHSWFRKKHPPAEAPVPIPPSPDTKDRWRSM,0
4376,TAVRLLLPGELAKHAVSEGTKAVTKYTSSKKKKKKKKKKKKKKKKKKKK,1
9299,QVENAKASKKNGNVGKTTWQNKESKGETGKRSKEGHSLEMENENLVENG,0
5636,IQALQNLGLCHILSVYLKGLDYENKDWCPELEELHYQAAWRNMQWDHCT,0
2874,PTERAPASEEEFQFLRCQQCQAEAKCPKLLPCLHTLCSGCLEASGMQCP,0
3107,MMMMMMMMMMMMMMPEPSKSAPAPKKGSKKAITKAQKKDGKKRKRSRKE,0
9278,SVQPSETCPPARRAKRMRAEAMNIKIEPEETTEARTHNLRRRMGCPTPK,0
3207,EEEEAKHNLEKQIATLHAQVADMKKKMEDSVGCLETAEEVKRKLQKDLE,0
1180,PSGKLWRDGRGALQNIIPASTGAAKAVGKVIPELNGKLTGMAFRVPTAN,0
3309,VDRIVGLDQMAKMTESSLPSASKTKKGMFRTVGQLYKEQLGKLMTTLRN,0
3,FPGGFGAAKNLSTFAVDGKDCKVNKEVERVLKEFHQAGKPIGLCCIAPV,0
1418,PITLFVEKERDKEVSDDEAEEKEDKEEEKEKEEKESEDKPEIEDVGSDE,0
5014,VQEYFLEDCIQMTHFVPPPKDKKKKDKDDDGGEDDDANCNLICGDEYGP,0
290,RPKKPGQSFQEQVEHYRDKLLQREKEKELERERERDKKDKEKLESRSKD,0
4872,IRRQLAREKKLYANMFERLAEEENKAKAEASSGDHPTDTEMKEEQKSNT,0
9330,DLEGSYYLRQERDGLLFGPYESQEKMKVQDSWVTNGVPPGFGKELFESD,0
5931,MKAKRKEAELRQVQSQAHGLQMRLKYSQSDLEQTKTRHLALNLQEKSKL,0
4332,SSAKTKVVVTMEHSAKGNAHKIMEKCTLPLTGKQCVNRIITEKAVFDVD,0
5466,GELKGPKVDIDAPDVDVHGPDWHLKMPKMKMPKFSVPGFKAEGPEVDVN,0
4702,LEEFVKENQQEEARCLEEVEDLIVKYRKKKKTVAGIIVEPIQSEGGDNH,0
2724,KVNPQISDEKDEDEKEEKRRKTTPKEPTEKKMARAKTVMNSKTHPPKCI,0
5830,RLERERMERERLERERMRVERERRKEQERIHREREELRRQQEQLRYEQE,0
8206,KVRQFIEMVNGTDSEVRCLGGRSPKSQDSYPVSPRPFSSPSMSPSHGMN,0
135,EHTGRLVIGDHKSTSHFRTGEEDKKINEELESQYQQSMDSKLSGRYRRH,0
9365,QTTIQGQARNKRKQETKSLKQKEAKKKSKAEKEKGKTKQEKLKEKVKRE,0
1369,VTAGVRQQEGESRLNLVQRNVNVFKFIIPQIVKYSPDCIIIVVSNPVDI,0
7281,AKLDSVRLEGDLSLADKDMTAKDSKFKMPKFKMPSFGVSAPGKSIEASL,0
6871,MMMMMMMMMMMMMMMMMMMMMAGGKAGKDSGKAKAKAVSRSQRAGLQFP,0
3519,FSKKDCEAYALQMTKLDFNTDEEKKMVEEVFSNAIDCLSDEDKKLPQVE,0
1785,TNGDTHLGGEDFDQRVMEHFIKLYKKKTGKDVRKDNRAVQKLRREVEKA,0
5903,VREDEESNKDCVGGKRGRAQTAPTKTSPRNAKKHDELWHDGVCPSVSNP,0
4847,SSFSSSVPTVKLFIGGKFVESKSDKWIDIHNPATNEVIGRVPQATKAEM,0
1964,SLSVKLEQAMKEIQRLQEDTDKANKQSSVLERDNRRMEIQVKDLSQQIR,0
2611,SENRDIWAELRQKLMSSGNEESLRKVDSAVFCLCLDDFPIKDLVHLSHN,0
3799,VGQAAIAIALSLGCRVFTTVGSAEKRAYLQARFPQLDSTSFANSRDTSF,0
1623,TDHEKDKLKKQFFTPKVLQDYRKLKNTAEQFLSRSGYSEVNLSKLFAGC,0
6994,HDGKEVDEGAWETKISHREKRQQRKRDKVLTDSGSLDSTIPGIENTITV,0
8365,AKAKTRSSRAGLQFPVGRVHRLLRKGNYAERVGAGAPVYLAAVLEYLTA,0
4716,MMMMMMMMMMMMMMMMATETVELHKLKLAELKQECLARGLETKGIKQDL,0
7348,SAFLELKKEEIKQRQIEQEKLASMKKQDEDKDKRDKEEKESSREKRERS,0
5629,EALPHLQINCSHFTTIARPTIGNKKNQEIWGIKCRLTLQKPSCLLLLLL,0
330,CYDVLSSDVQKNALAACVRLGVVEKKKINNNCIFNVNEPATTKLEEMLG,0
7389,AYNPGQAVPWNAVKVQTLSNQPLLKSPAPPLLHVAALGQKQGILGAQPQ,0
1022,REDDPNFFKMVEGFFDRGASIVEDKLVEDLRTRESEEQKRNRVRGILRI,0
7091,EILKEVENEKNDKDKKIAELERQVKDQNKKVANLKHKEQVEKKKSAQML,0
10083,RKPADLQNLAPGTHPPFITFNSEVKTDVNKIEEFLEEVLCPPKYLKLSP,0
3813,GEETPVIVGSALCALEGRDPELGLKSVQKLLDAVDTYIPVPARDLEKPF,0
5365,NIEGPDAKLKGPKFKMPEMNIKAPKISMPDFDLHLKGPKVKGDVDVSLP,0
6911,RDNKKTRIIPRHLQLAIRNDEELNKLLGRVTIAQGGVLPNIQAVLLPKK,1
8841,QREREDSGDAEAHAFKSPSKENKKKDKDMLEDKFKSNNLEREQEQLDRI,0
10076,KLEDECSELKKDIDDLELTLAKVEKEKHATENKVKNLTEEMAGLDETIA,0
1355,MMMMMMMMMMMMMMMMMMMMPEPAKSAPAPKKGSKKAVTKAQKKDGKKR,0
2754,EKQAFERLEVKKETLLAMFKYNKFKCRILNEKVNTPTTTVYRCGPLIDL,0
9654,GMAMNWPQFEEWSADLNRTLSRREKKKATDGVTLTGINQTGDQSLPSKP,0
1683,EEGGKWPYAGTAEAIKALGAKHCVKEVVEAHVDQKNKVVTTPAFMCETA,0
7497,AWADVEDVTEEDCALRSGDTHLFDKVRGYDIKLLRYLSVKYICDLMVEN,0
6043,HNKVNIVPVIAKADTLTLKERERLKKRILDEIEEHNIKIYHLPDAESDE,0
4955,EAQKLQAMHREKYPNYKYRPRRKAKMLPKNCSLLPADPASVLCSEVQLD,0
9317,PLFFDLALNHVAFPPLEDKLEQKTKSGLTGYIKGIFGFRSSSSSSSSSS,0
3470,TQMVSKGFLGRKSGKGFYIYQEGVKRKDLNSDMDSILASLKLPPKSEVS,0
6289,AVIKFDGGEEVLISGEFNDLRKVTKEQWDTIEELIRKTKGSSSSSSSSS,0
4284,ILKMILMYEEKAREKEKPTGPPAKKAISELPPPPPPPPPPPPPPPPPPP,0
8943,KLEDKILELEGISPEYFQSVSFSGKRRKVQPPQQNYSLAELDEKISALK,0
8938,KITKRNNGQLMKTIIRKINKMKTLKRKKLLNQILSSSVESSNKGKVQSK,0
3677,LRRPTETNPVTSNSDEECNETVKEKQKLSVPVRKKDKRNSSDSAIDNPK,0
8605,GYVNLQRVQMIMLAVGEVEDSIFKKRKDDEDSFRRRQKEKRKRMKRDQP,0
7413,MMMMMMMMMMMMMMMMMMMMPDPSKSAPAPKKGSKKAVTKAQKKDGKKR,0
8266,MMMMMMMMMMMMMMMMMMSSTQFNKGPSYGLSAEVKNRLLSKYDPQKEA,0
5405,SIEGPDAKLKGPKFKMPEMNIKAPKISMPDIDFNLKGPKVKGDVDVSLP,0
6623,MMMMMMMMMMMMMMPEPAKFAPAPKKGSKKAVTKAQKKDGKKRKRSRKE,0
9559,LDFVKSGDYALERMGVTYGAQAHLKSPFDPNNKRVKGIYYYYYYYYYYY,0
2574,HFLRRGIFFSHRDMNQVLDAYENKKPFYLYTGRGPSSEAMHVGHLIPFI,0
795,EKMKNLIPFDQMTIEDLNEAFPETKLDKKKYPYWPHQPIENLLLLLLLL,0
5199,PSVDVEVPDVELECPDAKLKGPKFKMPEMHFKTPKISMPDVNLNLKGPK,0
8160,QRRSVLRGCLEQLHHYATVALQYPKAIFQKHRIEQWKTWMEELICNTTV,0
7033,TRNVVAECLGKLTLIDPETLLPRLKGYLISGSSYARSSVVTAVKFTISD,0
4081,VCSNQFLVQRGIHDAFVKAFAEAMKKNLRVGNGFEEGTTQGPLINEKAV,0
4639,YPWTQRFFDSFGNLSSASAIMGNPKVKAHGKKVLTSLGDAIKHLDDLKG,0
1247,AIMEAIKKTRAQAVHPGYGFLSENKEFARCLAAEDVVFIGPDTHAIQAM,0
2748,HPGLSIGDTAKKLGEMWSEQSAKDKQPYEQKAAKLKEKYEKDIAAYRAK,0
8917,RRHSFEHVSLIPPETSTVLSSLKEKHKHKCKRRNHDYLSYDKMKRQKRK,0
9882,KELRKLEVEYEQKRAQLSQYFDAVKNAQHVEVESIPLPDMPHAPSNILI,0
6561,SGGTSSSDNSWTMDASIDEVVRKAKLGTPSNMPPNFPYISSPSVSPPTP,0
4132,KSRGCAVVEFKMEESMKKAAEVLNKHSLSGRPLKVKEDPDGEHARRAMQ,0
7434,EKVTNLLQLPQYFDLEIYTTGRLEKHLDALLRQIRNIVEKHTDTDVLEA,0
3617,REKSESNKRKSNFSNSADDIKSKKKREQSNDIARGFERGLEPEKIIGAT,0
7847,FQGTDEQLNDLYHNHQRTVREKERKLVDCHRELEKLNKESRLLNQEKSE,0
1509,SRLGDLYEEEMRELRRQVDQLTNDKARVEVERDNLAEDIMRLREKLQEE,0
144,SLKMIPRIDYDRIKARMSLKDWFAKRKKFKRPPQRLFDAEKIRSLGGDV,0
9005,ERKAAIRDIEGKLPQTEQELKEKEKELQKLTQEETNFKSLVHDLFQKVE,0
1807,SEVAQWRTKYETDAIQRTEELEEAKKKLAQRLQDSEEQVEAVNAKCASL,0
9344,DDDDDDDSDDQGDEDDEDEEDKEDKKGKKTDICEDEDEGDQAASVEELE,0
1145,LSQLQTYMIQFDQYIKDSYDLHDLKIAIANIIDEIIEKLKSLDEHYHIR,0
6775,EEEEEDDDYGSRTGSISSSVSVPAKPERRPSLPPSKQANKNLILKAISE,0
7131,PSFKMPKVDLKGPQIDVKGPKLDLKGPKVEVTAPDVKMSLSSMEVDVQA,0
2678,TGKTSIAIDTIINQKRFNDGSDEKKKLYCIYVAIGQKRSTVAQLVKRLT,0
8625,PGAQEALKRLRGASVIIRFVTNTTKESKQDLLERLRKLEFDISEDEIFT,0
6487,KTEKKNSKMTAAQKALAKVDKSGMKSIDTFFGVKNKKKIGKVVVVVVVV,0
3817,EKELAMPGEDLKFNLILRQPMILEKGQRFTLRDGNRTIGTGLVTNTLAM,0
7070,MMMMMMMMMMMMMMAAHRKHVFVEKVLQRLFPPVPSGQGKREPQTLAVQ,0
7106,HLPKVEMPSFKMPKVALKGPQVDVKGPKLDLKSPKAEVTAPDVEVSLPS,0
6707,KSPSKENIASVLENYHTESKIDRDKSFILEEHMDKINSCFSANTVEEII,0
8813,TLWVAFAKFYEDNGQLDDARVILEKATKVNFKQVDDLASVWCQCGELEL,0
3518,MADAFGDELFSVFEGDSTTAAGTKKDKEKDKGKWKGPPGSADKAGKRFD,0
8158,LQELRQEGACCLGLLCASLSYEAEKIFKWIFSKFSSSAKDEVKLLYLCA,0
2425,IDAALRACRRLNDFASTVRILEVVKDKAGPHKEIYPYVIQELRPTLNEL,0
8018,LSQEEVCDLLHAAPFQNILPRVYIKEGERLEVRMKRLEAKYAPLHLVPL,0
1496,LEELGYHIYSSDPPFEVRGANQWIKFKSVSSSSSSSSSSSSSSSSSSSS,0
3448,SIRADRAKKMGLVDQLVEPLGPGLKPPEERTIEYLEEVAITFAKGLADK,0
5660,GYKAVVLAANHFGRFFTGQITAAGKVPPAKILIVGGGVAGLASAGAAKS,0
5399,DIDAPDVDVHGPDWHLKMPKVKMPKFSMPGFKGEGPDVDVTLPKADIEI,0
2625,GLDEVWGEEFEKLYASYEKQGRVRKVVKAQQLWYAIIESQTETGTPYML,0
2542,ITDRQSGKKRGFGFVTFDDHDPVDKIVLQKYHTINGHNAEVRKALSRQE,0
5050,VKSKTLDPMVIFFTSGTTGFPKMAKHSHGLALQPSFPGSRKLRSLKTSD,0
1432,EFEGKTLVSVTKEGLELPEDEEEKKKQEEKKTKFENLCKIMKDILEKKV,0
10009,FDGPREKMQKLGEGEGSMTKEEFAKMKQELEAEYLAVFKKTVSSHEVFL,0
8687,SDANRENAAAESGSESSSQEATPEKESLAESAAAYTKATARKCLLEKVE,0
4252,DSVIEFSIPDSLLIRRITGRLIHPKSGRSYHEEFNPPKEPMKDDITGEP,0
9916,ERIPEAPAGPPSDFGLFLSDDDPKKGIWLEAGKALDYYMLRNGDTMEYR,0
5266,PEMHFKTPKISMPDIDLNLTGPKIKGDVDVTGPKVEGDLKGPEVDLKGP,0
0,EEEEEEEELVDPLTTVREQCEQLEKCVKARERLELYDEHVSSRSHTEED,0
3187,SWQHGVFVGAAMRSEATAAAEHKGKIIMHDPFAMRPFFGYNFGKYLAHW,0
3994,KLVNLGFATLREHVPNGAANKKMSKVETLRSAVEYIRALQQLLDEHDAV,0
543,LDSELTARHELQVEMKKMESDFEQKLQDLQGEKDALHSEKQQIATEKQD,0
856,NNFIKVYPGTEKSTEGGQSLDSLIKVTPERNRTNQGNQDLENLIKVIPS,0
349,KQFEELTLGEFLKLDRERAKNKIAKETNNKKKEFEETAKKVRRAIEQLA,0
2848,VLGIYSKEKEDDVPQFTSAGENFDKLLAGKLRETLNISGPPLKAGKTRT,0
2157,DIIAIKSPDTFVRTIYAGNALCTVKCDEKVKVFSVRGTSFDAAATSGGS,0
2986,SQEHPVVLTKFVEGAREVEMDAVGKDGRVISHAISEHVEDAGVHSGDAT,1
4722,KNDFTKFKTEQENEAKCRNSKPGKKKNDFEQGELYLREKFENSIESLRL,0
457,ISKSQLKNIKKMWHREQMKSESREKKEAEDSLRREKNLEEAKKITIKND,0
6726,MMMMMMMARTKQTARKSTGGKAPRKQLATKAARKSTPSTCGVKPHRYRP,1
8496,CRLEDAADVYRGLQERNPENWAYYKGLEKALKPANMLERLKIYEEAWTK,0
8634,MELLNAYQSKIKMQTEAQHERELQKLEQRVSLRRAHLEQKIEEELAALQ,0
3314,MMMMMMMMMMMMMMMMMAQEFVNCKIQPGKVVVFIKPTCPYCRRAQEIL,0
6889,KGLHSKKEVPIHRVADISGDTQKAKQFLPFLQRAGRSEAVVEYVFSGSR,0
8999,ILSNEMKAKNKDVKDTEKKLNKITKFIEENKEKFTQLDLEDVQVREKLK,0
131,EKLEDTVKHHPHFLTHKLADQRTRKSLGRGEFRLLHYAGEVTYSVTGFL,0
9200,VKIVFSPEEAKAVSSQMIGKKLFTKQTGEKGRICNQVLVCERKYPRREY,0
4851,EMQLLLARLIQKYKVVLAPETGELKSVARIVLVPNKKVGLQFLQRQCCC,0
4549,KFAMKEMGTPDVRIDTRLNKAVWAKGIRNVPYRIRVRLSRKRNEDEDSP,0
1446,AAIEVHEVLLPGLQKLHDALDAKSKEFAQIIKIGRTHTQDAVPLTLGQE,0
4695,GSKLLRMKLSDFNDITNMLLLKMNKDSKPPGNLKECSPWMSDFKVEFLR,0
2152,LIDAIQPGSINYDLLKTENLNDDEKLNNAKYAISMARKIGARVYALPED,0
4102,IGLVLRTARERFLVEPQEDTRLWAKNSEGSLDRLYDTHITVLDAALETG,0
6967,RDPFEKERYREWERKYREWYEKYYKGYAAGAQPRPSANRENFSPERFLP,0
5829,KERSSKSQDRKSESKEKRDILSFDKIKEQRERERQRQREREIRETERRR,0
970,RAAQYACSLLGHALQRHGASPELQKQIRQLESHLSLGRKLLRLGNSADA,0
7199,AGQVDVKLPEGHVPEGAGLKGHLPKVQMPSFKMPKVDLKGPQIDVKGPK,0
6719,DAGNIKLTFNSLLEKAEAREREREKEEARRMRRREAAFRSMLRQAVPAL,0
1360,KAKWDAWNELKGTSKEDAMKAYINKVEELKKKYGIIIIIIIIIIIIIII,0
4209,KIICQGFTGKQGTFHSQQALEYGTKLVGGTTPGKGGQTHLGLPVFNTVK,0
592,PTTPSSTAKSSSDSFEQFRRAAREKEEREKALKAQAEHAEKEKERLRQE,0
2922,HLSAGELLRDERKNPDSQYGELIEKYIKEGKIVPVEITISLLKREMDQT,0
10107,KPQAPAQPPQQSPPQQPLPQEEEVKAKRQRKSRGSESEVLPPPPPPPPP,0
5860,VSQNKERNAVSFPNLDSPNVSSTLKPPSNNAIKREKEKPPLPKILSKSE,0
8419,ARLSLVIRSPSLLQSGAKKKAQVRKAGKPPPPPPPPPPPPPPPPPPPPP,0
5378,ISMPEVDLNLKGPKMKGDVDVSLPKVEGDLKGPEVDIKGPKVDIDVPDV,0
4161,ELFDLLNPSSDVSERLQMFDDPRNKRGVIIKGLEEITVHNKDEVYQILE,0
9816,EELLEATERINLFYTQNTSLLSQKKKLEADVARMQKEAEEVVQECQNAE,0
5969,LIPGSPLPHVGAALTVTTHPHISIKSEPVSPSRERSPAPPPPAVFPAAR,0
5081,NKSSLSRGNKKKPGMPNVSNDLSQKLYATMEKHKEVFFVIRLIAGPAAN,0
1741,SPSSAKSRLQTAPVPMPDLKNVKSKIGSTENLKHQPGGGKVQIINKKLD,0
7012,ILCPHGELCISENERRLVSKEAWSKLQQYFPKAPEFPSYKECCSQCKIL,0
6309,GVKLTTVLTTHHHWDHAGGNEKLVKLESGLKVYGGDDRIGALTHKITHL,0
850,KMILITKAAIKAIKLYKHVVQIVEKFIKKCKPEYKVPGLYVIDSIVRQS,0
4598,AEKAADESERGMKVIENRAMKDEEKMEIQEMQLKEAKHIAEEADRKYEE,0
8141,SLKFEIEIEPIFASLALYDVKEKKKISENFYFDLNSEQMKGLLRPHVPP,0
6074,GENTVMMLQTARFLMKSYDQVHSGKLVCGMVSYLNDLPSQRIQPQQVAV,0
3745,YQGSGMLHLKKARLLQSSEDWNAAKRKRLSDSIMNLNVKKEALLAGMVD,0
2515,ESMQINGSVLKNGSLTNHFSFEKKKARVAVLISGTGSNLQALIDSTREP,0
9800,KLKTKPLPPDPPRLECVAFSHQNLKLKWGEGTPKTLSTDSIQYHLQMED,0
4181,SSVTTFTGEPNTCPRCSKKVYFAEKVTSLGKDWHRPCLRCERCGKTLTP,0
265,WPRKVKKKHKDTEYKKTDICIPQTKGVLEQEEKEEKAALEKPMDLEEEK,0
6836,KHKKHFKKPFKGLDRSKDKPKEAKKDTFVEKLATQVIKNVQVKITDIHI,0
6076,PESLTEAYKLRAARLVEIAAKNLQKEVIHRKSKEVAWNLTSVDLVRASE,0
3853,QETMLRDLQEKINQQENSLTLEKLKLAVADLEKQRDCSQDLLKKREHHI,0
7209,GHVPEGAGLKGHLPKLQMPSFKMPKVDRKGPQIDVKGPKLDLKGPKTDV,0
5351,PEMNIKAPKISMPDIDLNLKGPKVKGDMDVSLPKVEGDMQVPDLDIKGP,0
3305,RVKQLKRQLEEAEEESQRINANRRKLQRELDEATESNEAMGREVNALKS,0
7945,SKGATISKKGFKKAVVKTQKKEGKKRKRTRKESYSIYIYKVLKQVHPDT,0
7672,GCLTPELSELKKQYESVSDLFNTKKSVLQDHFSKLLNDQCKNFNDWFSN,0
9877,GMTLHERFTKYLKRGTEQEAAKNKKSPEIHRRIDISPSTFRKHGLAHDE,0
9580,KEHRKRAEKEALEQRKLDEEMREAKRQQRKLNFLITQTELYAHFMSRKR,0
316,NLFNNQGNASPPAGPSNVPKFGSPKPPVAVKPSSEEKPDKEPKPPFLKP,0
9796,ELCKLTDNLETRIDELERWSHKLAKLRRLDSLKSTGSSGAFSHAGSQFS,0
4759,EDKITLEGPTEDVNVAQEQIEGMVKDLINRMDYVEINIDHKFHRHLIGK,0
2025,RSLSTELFKLKNAYEESLEHLETFKRENKNLQEEISDLTEQLGSSGKTI,0
6148,AFKVPSREIDKAEGKFWTHWNRETKQFFLQFHFKMEKPPAPPSLPAGPP,0
7113,AKLDGAQLDGDLSLADKDVTAKDSKFKMPKFKMPSFGVSAPGKSIEASV,0
4022,TSSTDLSDIPALPANPIPVIKNSIKLRLNRRRRRRRRRRRRRRRRRRRR,0
6085,YGTDAVIYIKALSTDSIERLPVYNKAAWKHYNTNHEADDWCVPSREPKD,0
4574,DSKYFTTNKKGEIFELKAELNNEKKEKRKEAVKKVIAAMTVGKDVSSLF,0
1183,GMAFRVPTANVSVVDLTCRLEKPAKYDDIKKVVKQASEGPLKGILGYTE,0
5421,ISMSDIDLNLKGPKIKGDMDISVPKLEGDLKGPKVDVKGPKVGIDTPDI,0
8543,DTYMVFGEAKIEDLSQEAQLAAAEKFKVQGEAVSNIQENTQTPTVQEGS,0
8810,FPGIEDHPVLRDLEVPGYRQERVEKGLKLFAQLINNKVFLLSFIRTLES,0
10089,LDYEKIKGLPEGFAHPKIGSNYSVKTVEKTWKALQDFKEGNAIFTFPNT,0
103,VPGGERGLVEEYVEKVPNPSLKTFKPIDLSDLKRRSTQDAKKSSSSSSS,0
7432,SEGRIEDLNEGMDFDTMDIDLPPSKNRRERTELKPDFFDPASIMDESVL,0
7108,EASVDVSAPKVEADVSLPSMQGDLKTTDLSIQPPSADLEVHAGQVDVKL,0
8886,ELSREICLQSQSKDKSTTPGGTGIKPFLERFGERCQEHSKESPARSTPH,0
4700,DYSILSFMGAFHGRTMGCLATTHSKAIHKIDIPSFDWPIAPFPRLKYPL,0
4137,FGNLAELESSKEQFASTNIAEELVKLFKKQIEHDKREMIFEVLAPLAEN,0
7785,TPSYRDSERSHRLSTRDRDRSVRGKYSDDTPLPTPSYKYNEWADDRRHL,0
1393,GSVKAYTNFDAERDALNIETAIKTKGVDEVTIVNILTNRSNAQRQDIAF,0
1660,MKSAVEDEGLKGKISEADKKKVLDKCQEVISWLDANTLAEKDEFEHKRK,0
2110,RVVETMQSTLDAEIRSRNDALRVKKKMEGDLNEMEIQLNHANRLAAESL,0
6654,PGTIPQPVARVVSEEKSLMFIRPKKYIVSSGSEPPELGYVDIRTLADSV,0
8641,QAQDSNHFIMESLFCESSGDSSLEKEFLGAPVGPSVSTPNSQHSSPSRS,0
2513,PVWLENHTALTVVMASKGYPGDYTKGVEITGFPEAQALGLEVFHAGTAL,0
4246,YYDLQAVLTHQGRSSSSGHYVSWVKRKQDEWIKFDDDKVSIVTPEDILR,0
5006,THLKWDDPYYDIARHQIVEVAGDDKYGRKIIVFSACRMPPSHQLDHSKL,0
2750,PNKPRGKMSSYAFFVQTCREEHKKKHPDSSVNFAEFSKKCSERWKTMSA,0
2620,AFGHERYENGAFQERALRCFHQLMKDTTLNWKMVDASKSIEAVHEDIRV,0
3772,KGRPTSTNPIASIFAWTRGLEHRGKLDGNQDLIRFAQMLEKVCVETVES,0
3149,KKYKLDIKSKIRALLRLSQECEKLKKLMSANASDLPLSIECFMNDVDVS,0
4169,QEAVEEDIPIAKERTHFTVRLTEAKPVDKVKLIKEIKNYIQGINLVQAK,0
286,KKPPLKKGEKEKKKSNLELFKEELKQIQEERDERHKTKGRLSRFEPPQS,0
5239,DLHLKGPKVKGDVDVSLPKVEGDLKGPEVDIKGPKVDINAPDVGVQGPD,0
4883,VTTAASMPVDIAKTRIQNMRMIDGKPEYKNGLDVLFKVVRYEGFFSLWK,0
7909,MMMMMMMMMMMMMMPDPAKSAPAPKKGSKKAVTKAQKKDGKKRKRSRKE,0
7618,QLQPQEPQIGGEGMRGAGLSCEQLKQLQRFDPSAVPLPDTDMDSLREAR,0
6934,VENFHEEHEKNSHHIHKNADDSTKKPNAETTVASEIKETNDTWNSQFGK,0
8314,NQFARHYQTGQPLPKNMVSRLCESKKVCAAADMQLQVFYATLDQIYHGK,0
3698,WSTDDVQINDISLQDYIAVKEKYAKYLPHSAGRYAAKRFRKAQCPIVER,0
8,TAEAIKALGAKHCVKEVVEAHVDQKNKVVTTPAFMCETALHYIHDGIGA,0
9705,SLVFKDTLRTPPRERSGAGSSPETKEQNSALPTSSQDEELMEVVEKSEE,0
7981,GSPKGATLSHYNIVNNSNILGERLKLHEKTPEQLRMILPNPLYHCLGSV,0
1217,MMMMMGKGVGRDKYEPAAVSEQGDKKGKKGKKDRDMDELKKEVSMDDHK,0
8770,ETIGPLSEGDSDEEIFVSKKLKNRKVLQDSDSETEDTNASPEKTTYDSA,0
3834,LRGELDTMSKKTTALDQLSEKMKEKTQELESHQSECLHCIQVAEAEVKE,0
567,MMMMMMMMMMPEPAKSAPAPKKGSKKAVTKAQKKDGKKRKRSRKESYSV,0
4210,EDIQSVMTEIRRSLGEIPIVESEIKKEAGELKPEEEITVGPVQKLVTEM,0
5756,DTYIVFGEAKIEDLSQQAQLAAAEKFKVQGEAVSNIQENTQTPTVQEES,0
8606,GEVEDSIFKKRKDDEDSFRRRQKEKRKRMKRDQPAFTPSGILTPHALGS,0
3602,ADINSICQESGMLAVRENRYIVLAKDFEKAYKTVIKKDEQEHEFYKKKK,0
5106,SGPKVDIEAPDVSLEGPEGKLKGPKFKMPEMHFKTPKISMPDVDLHLKG,0
4989,KRQCIEIIENRVESAEIEEREALQKQLDEANREAQKYRQQLLKKEQEAE,0
7741,FTPSPDGRRSRGEIIDFSKHYRPRKKVSQKQSCTSHVLATGTTQKLKPP,0
7645,AKMRMKNIGRDTPTSAGPNSFNKGKHGFSDNQKLWERNIKSHLGNVHDQ,0
782,CHSVMEAHPQVVMDVKNRNPRAINKLIGLVRKATQSRADPVMIKEILEK,0
3312,EQLEEEEAARQKLQLEKVTAEAKIKKLEDEILVMDDQNNKLSKERKLLE,0
5538,MLPIWRESLGHTRLHRMTSIEREEKEKVKKKEKKQEEEETMQQATWVKY,0
4687,WSHETRLPSNTLDRLLALNSLYSPKIEVHFLSLATNFLLEMTSMSPDYP,0
6547,KKEAEIIKQLKIELKKAQESQKEMKLLLDMYRSAPKEQRDKVQLMAAEK,0
4010,IVVSDYAQMDRVLREERAYILNLVKQIKKTGCNVLLIQKSILRDALSDL,0
6595,GMKPPLSGYRAAQGPQRLPFPTGYKRQREYEEEDDDDDEYDSEMEDFIE,0
6508,NLNTDQLSVALLKGAVELENLPLKKDALKELELPFEVKAGFIGKVTLQI,0
2545,SHPVLKQVAEQFLNMRGGLGLSGAKANYRGGEIREQNGDSLVHAAFVAE,0
8541,EEMLEIRQLAKQIREKKKLKILESKEKNTQGPRMPRTAKKVQRTVLEKE,0
8210,QGQPDIYKAFLEILHTYQKEQRNAKEAGGNYTPALTEQEVYAQVARLFK,0
6727,MMARTKQTARKSTGGKAPRKQLATKAARKSTPSTCGVKPHRYRPGTVAL,1
7814,KGWPKGKSRKPIHWKKRPGRKPGFKLSREIMPVSTQACVIEPIVSIPKA,0
2982,MGTSPLQIDRAEDRSIFSAVLDELKVAQAPWKAVNTLNEALEFAKSVDY,0
5032,QYDKPLGRIHKPDPWLSKFLSRYRKTHHIEPRTISQDEILERCLYSLIN,0
1758,AGDGTTTATVLARSIAKEGFEKISKGANPVEIRRGVMLAVDAVIAELKK,0
9387,KPETVIKRLKAYEDQTKPVLEYYQKKGVLETFSGTETNKIWPYVYAFLQ,0
1608,GPMKGGNFGGRSSGPYGGGGQYFAKPRNQGGYGGSSSSSSYGSGRRFFF,0
764,AVEKAAELTATQVEEEEEEEDFRKKLNAGYSNTATEWSQPRFRNQVEED,0
7886,HPRPWLGLDHFNKAPKRSRYTYLEKAIKIHNNNNNNNNNNNNNNNNNNN,0
1111,RTLEGELHDLRGQVAKLEAALGEAKKQLQDEMLRRVDAENRLQTMKEEL,0
2108,NFDKVLSEWKQKYEETQAELEASQKESRSLSTELFKVKNVYEESLDQLE,0
5273,KMKMPKFSMPGFKAEGPEVDVNLPKADVDVSGPKVDVEGPDVNIEGPEG,0
36,EQPGYDDLNPDWRLSTEKRKKIKDKESFYPLIDVNWWADSAVTLARCSG,0
6315,KLLGKVTIAQGGVLPNIQAVLLPKKTESHKAKSKKKKKKKKKKKKKKKK,1
5269,VDLKGPKVDIDVPDVNVQGPDWHLKMPKMKMPKFSMPGFKAEGPEVDVN,0
1071,ACANPAAGSVILLENLRFHVEEEGKGKDASGNKVKAEPAKIEAFRASLS,0
7474,VPKHAKEGNGFQEETWRLSFSHIEKEILNNHGKSKTCCENKEEKCCRKD,0
9096,YKRFYVKDHRNKAMINLHIQKDNPKIVHAFDMEDLGDKAVYCRCWRSKK,0
2107,SNAACAALDKKQRNFDKVLSEWKQKYEETQAELEASQKESRSLSTELFK,0
8317,GGADAVDVMAGIPWELKCPKVIGVKLTGSLSGWSSPKDVILKVAGILTV,0
5561,LSRELLQESALIRKLRDVLQQRLIKFFIDQSKKDAEKYAKFFEDYGLFM,0
4504,FRRPKTLRLRRQPKYPRKSAPRRNKLDHYAIIKFPLTTESAMKKIEDNN,0
2870,EPGITVTHLAVNRVPRSGKPAELLKMFGIDRDAIAQAVRGLITKAAAAA,0
577,IMNSFVNDIFERIAGEASRLAHYNKRSTITSREIQTAVRLLLPGELAKH,0
8767,VKPCLELSLQSGNSTDFTTDRKSSKKHIHDKEGTAGKAKVKSKRRLEKE,0
4554,ESGDRLTRAAKVLEQLTGQTPVFSKARYTVRSFGIRRNEKIAVHCTVRG,0
7178,HLPKLQMPSFKMPKVDLKGPQIDVKGPKLDLKGPKTDVMAPDVEVSQPS,0
6797,EKNFYFTGQSVIPPCKSELRVLVVKLLSILYWTLFSPAMCLLIYLYSLV,0
2287,REHEKEVLQKAIEENNNFSKMAEEKLTHKMEANKENREAQMAAKLERLR,0
1090,TPAGTILYHAHLDIEAFTMDREVRKIKQGLGLKFAELVYTGFWHSPECE,0
3720,HENSPRKEVYFMAIIDILTHYDAKKKAAHAAKTVKHGAGAEISTVNPEQ,0
6501,ETIPLKLSQLQYRQIMEFLKELERKERQVKFRRWKPKVAISKNCREWWY,0
4060,NEEETILIIRRLHKVLRPFLLRRLKKEVEAQLPEKVEYVIKCDMSALQR,0
5516,EQRTPPPGQDTQQFHEKSISADCAKDKALQLSNSPGASSAFLKAETEHN,0
210,KLIDFLQAKMDQPAKKKKGLFSRRKEDPALPTQVPLQYNELKLALEKEK,0
3649,VLMAQHFDEVWNSEACNKMCDNCCKDSAFERKNITEYCRDLIKILKQAE,0
2407,ADEEDTRKKDASDDLDDLNFFNQKKKKKKTKKIFDIDEAEEGVKDLKIE,0
8103,KLLGKVTIAQGGVLPNIQAVLLPKKTESHHKAKKKKKKKKKKKKKKKKK,1
8617,EEECVDTPKVNGCLLDPVPPVLVRKGCQSLPSNMMETSIDEGLETEGEA,0
6258,QSSPEPNSPSEYCFYVDSDMVNEFKLELVEKLFAEDTEAKNPFSTQDTD,0
8147,CSVKSSPSHSTTSGETDPTTIFPCKECGKVFFKIKSRNAHMKTHRQQEE,0
6975,EKGKKSSKSCGSSSHENRPLDLLHKMESKSSNQLSWLSVSMDAALGCRT,0
6858,MMARTKQTARKSTGGKAPRKQLATKAARKSAPATGGVKKPHRYRPGTVA,1
637,LLKLLEGIGLENLDSPAATKAQIVKALKAMTRSLQYGEQVNEILCRSSV,0
47,VKLWVIARERFQQAADLIDAEQRMKKSMWGQFWSAHQRFFKYLCIASKV,0
5121,ADIDVSGPKVDVEVPDVSLEGPEGKLKGPKFKMPEMHFKAPKISMPDVD,0
5680,LSEEERLKLAQQQAALLMQQEERAKQQGDHSLKEHELLEQQKRAAVLLE,0
4304,SQEELREDKAYQLERHRIEAAMDRKSDSDMWINQSSSLDSSTSSQEHLN,0
7524,IFAQEALAPFRGKELQPGSHIQSDKEIDAFVRAKADSAYHPSCTCKMGQ,0
2045,TGGLLLPSDTKRSQIYGSRQIILEKEETEELKRFDDPGLMLMGFKPLVL,0
2406,KKKKPFMLDEEGDTQTEETQPSETKEVEPEPTEDKDLEADEEDTRKKDA,0
4119,PKSASSTKSNHKDSSIPKQRRVEGKGSRSSSEHKGSSGDTANPFPVPSL,0
9109,YASNVCFTTLGTEFGQKEKLTSRIKSILNAYPSEKEMLKELLQNADDAK,0
149,EVTNCFSVPHNESEDEVAVDMEFAKNMYELHKKVSPNELILGWYATGHD,0
6045,DLQEVTQDLHYENFRSERLKRGGRKVENEDMNKDQILLEKEAELRRMQE,0
4475,DILDVLDKHLIPAANTGESKVFYYKMKGDYHRYLAEFATGNDRKEAAEN,0
8265,TGLSIGPDFQKGLKDGTILCTLMNKLQPGSVPKINRSMQNWHQLENLSN,0
2213,LRFQSSHHPTDITSLDQYVERMKEKQDKIYFMAGSSRKEAESSPFVERL,0
3443,QLRNLVQCGDFPHLLVYGPSGAGKKTRIMCILRELYGVGVEKLRIEHQT,0
6743,EIPWVIEPVYISQWGSMWIMMRREKRDRRHFKRMRFPPFDDEEPPLDYA,0
8700,RTLSSPSLQTDGIAATPVPPPPPPKSKPYEGSQRNSTELAPPLPVRREA,0
2615,PSRHSAGELQQMMVECSKYHGQLTKEAAMGQGFDRHLFALRHLAAAKGI,0
2183,LFRNWAIHTGKHQPGVDKPDPKTWKANFRCAMNSLPDIEEVKDKSIKKG,0
8628,DEKKFQQQILAQQKKDLTTFLESQKKQYKICKEKIKEEMNEDHSTPKKE,0
8458,KNEKEDKENISENDREYSGDAQVDKKPENDIVKSPQENLREPKRKRGRP,0
1441,EEEEEEEELVDPLTTVREQCEQLEKCVKARERLELCDERVSSRSHTEED,0
3146,ALPRGLLNDAFQKGGPEGATTRLMKGEITLSQWIPLMEENCRKCSETAK,0
8961,DSYDNLQEIMKFEIDQLSRNLQNFKKENETLKSDLNNLMELLEAEKERN,0
533,EYLICEDYKLFWVAPRNSAELTVIKVSSQPVPWDFYINLKLKERLNEDF,0
1981,QEAHQQTLDDLQAEEDKVNTLTKAKIKLEQQVDDLEGSLEQEKKIRMDL,0
7303,KPGHDLASMEDKTEKWSSQPEGPLKLKASSTDMPSQISVVNVDQLWEDS,0
3533,VLISPTLKHTPADVQLIGTDSQGNKFKLLSEHQVTSSGDKDRPRRVKPK,0
742,VVGCASKALDLLMGSNTIVQSMAAKTQRFRSKMEAAGFTISGASHPICP,0
2389,IEGRAIRLELQGPRGSPNARSQPSKTLFVKGLSEDTTEETLKESFDGSV,0
3509,DKVMCIEHEIKSLEDLQDEYDFKCKTLQNREHETNGVAKSDQKQEQLLL,0
4864,SVSELIVQAASSSKERGGVSLAALKKALAAAGYDVEKNNSRIKLGIKSL,0
7532,KRQQQQDSIDPSSRIDSELFKDPLKQRESEHEQEWKFRQQMRQKSKQQA,0
4693,YAALGDPKAPGLGAFRRKFIQTFGKEFDKHFGKGGSKLLRMKLSDFNDI,0
3819,GHVDHGKTTLTAAITKILAEGGGAKFKKYEEIDNAPEERARGITINAAH,0
2303,KSSQPLASKQEKDGTEKRGRGRPRKQPPVSPGTALVGSQKEPSEVPTPK,0
2362,IPKIKLPSVTSFILDTEAVAWDREKKQIQPFQVLTTRKRKEVDASEIQV,0
3410,VTEKQQMLEQHLQDVRKRVQDLEQKMKVVENLQDDFDFNYKTLKSQGDM,0
8014,KAPSTPVPPSPAPAPGLTKRVKKSKQPLQVTKDLGRWKPADDLLLINAV,0
3025,RPGIRLLSVKAQTAHIVLEDGTKMKGYSFGHPSSVAGEVVFNTGLGGYP,0
8556,DIKSRAAYNVTLLNFMDPQKMPYLKEEPYFGMGKMAVSWHHDENLVDRS,0
9122,KPKSWVAAEKMYHTHRRRRLVRKRKKDLTQTASSTARAMEELQDQEGWE,0
799,NPPAIDWAYYKANVAKAGLVDDFEKKFNALKVPVPEDKYTAQVDAEEKE,0
3057,NGILKKVKKGSLLIDSSTIDPAVSKELAKEVEKMGAVFMDAPVSGGVGA,0
4241,PAGSAPGEHVFVKGYEKGQPDEELKPKKKVFEKLQADFKISEECIAQWK,0
10092,HLSDKESKESSVEGAENQRGPLESKGHKKLLQLLTCSSDDRGHSSLTNS,0
4718,TKPIELPVKEEEPPEKTVDVAAEKKVVKITSEIPQTERMQKRAERFNVP,0
9825,SNRLLASLFENYMSTDSAIPFGEKKRKKGASFQTVASLHKENLNKLMTN,0
8029,VCKVSTDLLREGAPIEPDPPVSHWKPEAVQYYEDGARIEAAFRNYIHRA,0
4721,GIRHYEKDIKKVKEEKAYKALKMMKENVAFEQEKEGKSNEKNDFTKFKT,0
7737,EEEEEEEGEEEEGGGNVEKDPDGAKSQEKEEPEISTEKEDSARLDDHEE,0
8779,ALAQRFQVDPSGEIVELAKGACPWKEHLYHLESGLSPPVAIFFVIYTDQ,0
7748,QIMAWMETVATISASRLCWAHPFLKSVDMFKFRGPSTVGDRLVFTAIVN,0
6061,TDDRNKMSVVTESSRNYGYNPSPVKPEGLRRPPSKTSMHQSRRLMASAQ,0
2036,NFTNEKLQQFFNHHMFVLEQEEYKKEGIEWTFIDFGMDLQACIDLIEKP,0
5018,AALDLITSGRRILADEALKLGILDKVVNSDPVEEAIRFAQRVSDQPLES,0
2840,MMMMMMMMMMMMMMMMMMGVQGLWKLLECSGRQVSPEALEGKILAVDIS,0
7899,HGSAKNVSFNPAKISSNFSSIIAEKLRCNTLPDTGRRKPQVNQKDNFWL,0
7839,GFGDRDRDRDRGGFGARGGGGLPPKKFGNPGERLRKKKWDLSELPKFEK,0
5955,SEKLEFLQLFGLTTQQQKEELVAQKRRKRRRMLRERSPSPPTIQSKRQT,0
4974,VDDSLPSGGEKPSKNETGLLSSIKKFIKGSTPKEERENPSKRSRIERDI,0
3608,LLQEGNTTVLVEVNCETDFVSRNLKFQLLVQQVALGTMMHCQTLKDQPS,0
9320,TPNSTPPRRVQTPLLRATVASSTQKFQDLGVKNSEPSARHVDSLSQRSP,0
2516,SQQKDKQSYRDLKEVTPEGLQMVKKNFEWVAERVELLLKSESQCRVVVL,0
6449,NPSWNKDLRLLFDQFMKKCEDGSWKRLPSYKRTPTEWIQDFKTHFLDPK,0
586,YNGKTTKLQLSKNVLCSACSGQGGKSGAVQKCSACRGRGVRIMIRQLAP,0
496,KHFRKVSDKEKIDQLQEELLHTQLKYQRILERLEKENKELRKLVLQKDD,0
1056,LNGARIAAAILNTPDLRKQWLQEVKVMADRIIGMRTQLVSNLKKEGSTH,0
7450,MGSEAAQLLEAADFAARKHRQQRRKDPEGTPYINHPIGVARILTHEAGI,0
4957,MDSTEPAYSEKRYDEIVKEVSAYIKKIGYNPATVPFVPISGWHGDNMLE,0
335,PKKPKGKMSAYAFFVQTCREEHKKKNPEVPVNFAEFSKKCSERWKTMSG,0
10090,KETLQHRRYPNVFGIGDCTNLPTSKTAAAVAAQSGILDRTISVIMKNQT,0
7407,MMPDPSKSAPAPKKGSKKAVTKAQKKDGKKRKRGRKESYSIYVYKVLKQ,0
7065,ALEEQLQRTEEIVQQNGASDFSWAKEAEERSRLWTARHNAWYAALATRP,0
6253,NILITTNMMSSQNTANESSNALKRKREDDDDDDDDDDDYDNLLLLLLLL,0
1112,GEAKKQLQDEMLRRVDAENRLQTMKEELDFQKNIYSEELRETKRRHETR,0
8724,SGDSLNSDEGDVSWMEEQLSYFCDKCQKWIPASQLREQLSYLKGDNFFR,0
5459,APDVTLRGPSLQGDLAVSGDIKCPKVSVGAPDLSLEASEGSIKLPKMKL,0
8413,QQAFGEKLTQQQASAAATEASAMAKAATMTPAAISQQNPPKNREATVNG,0
3460,DATLTALDRGQQQVFKGLNDKVKKKALTSFERDSIFSNLTGQLDYQGFE,0
5958,DSTSQLYTVKYKDGTELELKENDIKPLTSFRQRKGGSTSSSPSRRRGSR,0
8564,NLNGNWLLTASRDHLCKLFDIRNLKEELQVFRGHKKEATAVAWHPVHEG,0
23,EREQARWSLWEQSKWHRRNSRAYSKNVEGQDLLLKEYPNNFSSSQQCAA,0
1149,VKGSVLSREYSGTIASEANTYLNSKSTRSSVKLQGTSKIDDIWNLEVKE,0
4645,KVGAHAGEYGAEALERMFLSFPTTKTYFPHFDLSHGSAQVKGHGKKVAD,0
291,EHYRDKLLQREKEKELERERERDKKDKEKLESRSKDKKEKDECTPTRKE,0
1107,RARLQLELSKVREEFKELKARNTKKEGDLIAAQARLKDLEALLNSKEAA,0
3295,TKALSLARALEEALEAKEELERTNKMLKAEMEDLVSSKDDVGKNVHELE,0
4519,REIQTAVRLLLPGELAKHAVSEGTKAVTKYTSSKKKKKKKKKKKKKKKK,1
381,MMMMMAFANLRKVLISDSLDPCCRKILQDGGLQVVEKQNLSKEELIAEL,0
1568,DIAAYRAKGKPDAAKKGVVKAEKSKKKKEEEEDEEDEEDEEEEEDEEDE,0
5532,KRALLDKDLQIEVQEELKRDLKIKKEKDLMQLAQATAVAAPCPPVTPAP,0
9288,ILSLKSGPPEGGSVAVQDADIEKRKGEVASDLVSPANQELHVEKPLPRS,0
7845,TSKEAQLTSSKEIVKSYENELDPLKNRLKEIEHNLSKIMKLDNEIKALD,0
789,VIQAGKEYVEHTVKERKKQLKKEGKPTIVEEDDPELFKQAVYKQTMKLF,0
1886,DEDFSDFDEKTDDEDFVPSDASPPKTKTSPKLSNKELKPQKSVVSDLEA,0
5761,FQQEGIANITALKDQLLAAKHVQSKAIEARHASLMKRWSQLLANSAARK,0
3693,REGKTDYYARKRLVIQDKNKYNTPKYRMIVRVTNRDIICQIAYARIEGD,0
5702,MKELDEEGNQRRNLESTVSQIEKEKMLLQHRINEYQRKAEQENEKRRNV,0
7169,PSFKVPKVDLKGPEIDIKGPKLDLKDPKVEVTAPDVEVSLPSVEVDVKA,0
9301,EPKSLNWSSFVDNTFAEEFTTQNQKSQDVELWEGEVVKELSVEEQIKRN,0
1147,LNGEIQALELPQKAEALKLFLEETKATVAVYLESLQDTKITLIINWLQE,0
5028,VLEEFGFKMGPFRVSDLAGLDVGWKSRKGQGLTGPTLLPGTPARKRGNR,0
2319,RDLERGVEICIATPGRLIDFLECGKTNLRRTTYLVLDEADRMLDMGFEP,0
9905,KFVRDMIREVCGFAPYERRAMELLKVSKDKRALKFIKKRVGTHIRAKRK,0
10111,STLHYDTGLPQDFTGDTLKPKHQQKSSSQNHMDWSTNSDSGPVTQNCFI,0
7198,ARLEGDLSLADKGMTAKDSKFKMPKFKMPSFGVSAPGKSIEASVDVSEL,0
4012,CNVLLIQKSILRDALSDLALHFLNKMKIMVIKDIEREDIEFICKTIGTK,0
7601,EKTSEAPKKDEEKGKEGDSEKESEKSDGDPIVDPEKEKEPKEGQEEVLK,0
8250,MSHRAKLAMSGKIIIRNPIKIGYGKATPTTRLWVGGLGPWVPLAALARE,0
8200,NVTKADVEKARQQAQIRHQMAEDSKADYSSILQKFNHEQHEYYHTHIPN,0
7422,KDGGGMKTPIQLQLRRTHAGLGTGKPSSFEDVHLLQNKNKKNWDKARER,0
1310,FHKYSGREGDKHTLSKKELKELIQKELTIGSKLQDAEIARLMEDLDRNK,0
605,DSEDSETEMAPKSKKKGHPGREQKKHHHHHHQQMQQAPAPVPQQPPPPP,0
7571,KQVKVVETELQEGATKQATTPKPDKEKNTEENDSEKQRKSKVEDKPFEE,0
7211,HLPKLQMPSFKMPKVDRKGPQIDVKGPKLDLKGPKTDVTAPDVEVSQPG,0
7181,VTTKDSRFKIPKFKMPSFGVSAPGKSIEASVDVSAPKVEADGSLSSMQG,0
